Index,Extracted Link
1,https://omniva.lalaby.co.ke/CIq7V0qqF/uhxomqsg3pejjg12/track.php?
2,http://yvnljjlifu.duckdns.org
3,https://docs.google.com/presentation/d/e/2PACX-1vT7nKESz3MgYR8FaJvjzNTVSXpZPpTWq7mQhC8pX89qBhIFmuoWQeiz9fWLKWCzMgZu8XyioXUU-HxJ/pub?start=false&loop=false&delayms=3000
4,https://lumino-box.online/ds
5,https://appdecentralized.pages.dev/app/
6,http://infobox-lt.online/ds
7,https://io-vvallcta-vveb3.top
8,https://dhandlielections.page.link/Tbeh
9,https://larechoothe.page.link/H3Ed
10,https://docs.google.com/presentation/d/e/2PACX-1vTAe4xa2c_Q9wyt9dey5YCev22WBDiJlFFcM6T3o3qJVP1b1p8cIJQSQqO8zLrQcUbQKuP0ZHictTLr/pub?start=false&loop=false&delayms=3000
11,https://info-box.online/ds
12,https://lixinjishaiwang.com
13,https://zimbremelweb.weebly.com/
14,https://identifiez-vous3556.weebly.com/
15,https://view1closingdocument.weebly.com/
16,https://highwaaompilationsongsbyaccept389released.weebly.com/
17,https://docusignviewdocument.weebly.com/
18,https://grilled7.wixsite.com/online
19,https://aktualizacja.webflow.io/
20,https://oiuo348989ji.weeblysite.com/
21,https://new-sitehome.weeblysite.com/
22,https://officedela.weebly.com/
23,https://docs.google.com/presentation/d/e/2PACX-1vRY1rQfDZu8rlovwApyG7CUCdp9W4WUC02ziNJ886UUioQ0IeHTPXhnucwFJU6aXPPWfEDQKaJLACxm/pub?start=false&loop=false&delayms=3000
24,https://ellon-5babf.web.app/
25,https://ellon-5babf.firebaseapp.com/
26,https://fibnlmouze.web.app
27,https://fibnlmouze.firebaseapp.com
28,https://ligecepargne.web.app/
29,https://ligecepargne.firebaseapp.com/
30,https://micros0ftd0cum3nt.web.app/
31,https://micros0ftd0cum3nt.firebaseapp.com/
32,https://mlbvtrea.web.app/
33,https://mlbvtrea.firebaseapp.com/
34,https://online-asset-manager.web.app/
35,https://online-asset-manager.firebaseapp.com/
36,https://qwert-31492.web.app/
37,https://qwert-31492.firebaseapp.com/
38,https://sicherheit-infomail-digital.nl/ce/
39,https://new-update.info/MY/
40,https://nab.deposits.services
41,https://nabfixedterms.com/
42,http://nabfixedterms.com
43,https://ce8765486.page.link/eNh4
44,https://docs.google.com/presentation/d/e/2PACX-1vTAZ89AfXiHTnokoTuLGqOFnlhbyY_d40pi3H7MpM1timhCV9M0WthLjWvgxvIzWtgA5yruanQWzKsg/pub?start=false&loop=false&delayms=3000
45,https://dhl-de.sicheronllnes.info/track62192022
46,https://j9e4f4vj.square.site/
47,http://j9e4f4vj.square.site/
48,http://allegrol0kalnie.7632126.xyz/fefms3hq/technical-works
49,https://www.ratuken.shunweiwuye.com/
50,https://docs.google.com/presentation/d/e/2PACX-1vSdR5w0VWrg6PqP8ibNtEInAaI_WMTAHOJyagvh9BZTu22zkjfMc--sZ30g0codEjcMelboC3lSX4ku/pub?start=false&loop=false&delayms=3000
51,https://sk-gkwezc.cfd/?p1=75bFSGF80
52,https://natoinallplatform.com/smsa/
53,https://regasteagoraseucredito.com/
54,https://pub-f738f9ba6a7b4dfaa6ffd41acd1a7885.r2.dev/index.html
55,https://pub-3ab0ea2801fb488ea117ab826ed0ed97.r2.dev/signinfo.html
56,https://pub-06cb5d98194843b38d9cce6ace954e24.r2.dev/keepsamelogin.html
57,https://pub-18b55ea6379a48229bab44f605734db6.r2.dev/webmailmyscr894573.html
58,https://coinsessswaatet.godaddysites.com/
59,https://geemini-logini.godaddysites.com/
60,https://home-onthegorge-shared.gawabaf768.workers.dev/
61,http://iranmtl.afcsub.sbs/Navaei/Baprc/shaparak.ir.payment1243.sharj/
62,https://rea.pages.dev
63,https://pqtb.pages.dev
64,https://ghb-coo.pages.dev/
65,http://yxu.pages.dev/
66,https://e-ea5.pages.dev/
67,http://e-ea5.pages.dev/
68,https://web3linksync.pages.dev/
69,http://web3linksync.pages.dev
70,https://entry.nftb-claim.com/
71,http://entry.nftb-claim.com
72,https://verifypalestine.blogspot.pe
73,https://verifypalestine.blogspot.mk
74,https://verifypalestine.blogspot.com
75,https://verifypalestine.blogspot.cl
76,https://verifypalestine.blogspot.com/
77,http://verifypalestine.blogspot.qa
78,http://ustons.com
79,http://usbson.com
80,http://usberps.com
81,http://mypackage.xcvcc.top
82,https://uspz.usspjp.top/
83,https://uspz.uspnk.top/
84,https://uspz.uspaiu.top/
85,https://uspo.ussphg.top/
86,https://uspe.ussppi.top/
87,https://usp.uspsdp.top/
88,https://usspda.top/
89,http://usspda.top
90,https://uspz.uspoo.top/
91,http://uspz.uspoo.top
92,https://uspz.uspoj.top/
93,http://uspz.uspoj.top
94,https://uspz.uspoh.top/
95,http://uspz.uspoh.top
96,https://grup-whatsapv3.23newlink.my.id
97,https://xmeo2o.rqa-b.my.id/
98,http://xmeo2o.rqa-b.my.id
99,https://staymyprivate-mys.mythicmys.shop/
100,https://tg.telegarm-ot.top/
101,https://sri-tanah-melaka.my.id/sign-in/
102,https://app9.rodalink-store.my.id/main.php
103,http://teletsma.work/web
104,http://teletsma.club/web
105,http://teletsam.club/
106,http://teletrlqm.club/web
107,http://teleqgream.vip/web
108,http://teleptrrm.fit/web
109,http://teleprcmn.fit/web
110,http://telepgrlm.work/web
111,http://telegsrem.work/web
112,http://telegrsamn.work/web
113,http://telegrnne.work/
114,http://telegrlm.work/web
115,http://telegrlm.fit/web
116,http://telegrlm.club/web
117,http://telegpewm.work/web
118,http://malaysia.ip1-kd.com/aplly/
119,http://steamcommunitylog.chez.com/index.php
120,http://newsslink23zv0l.baruxzrg.my.id
121,https://dev-cs0.pages.dev
122,https://tectorp.com
123,https://ykoef.pages.dev/
124,http://ykoef.pages.dev
125,http://udbvv.pages.dev
126,https://udbvv.pages.dev/
127,http://mvsnv.pages.dev
128,https://fidelityeinvestments.weebly.com/
129,http://fidelityeinvestments.weebly.com/
130,https://instagramccpreview.blogspot.com.mt
131,https://coiiinbaseprologix.godaddysites.com/
132,https://instagramccpreview.blogspot.am
133,http://instagramccpreview.blogspot.ug
134,http://instagramccpreview.blogspot.co.id
135,https://instagram-login-love-m.blogspot.com
136,https://snapchatlogging.blogspot.com/2024/01/insta.html
137,https://microsolfoul.royalwebhosting.net
138,http://eventllys.tibet.org/clars_68377873972434101322944666G/Inpot.gov/f35fd90bf762a01ba120500ad0bcc673/formulaire.php?remise2024dimpots
139,http://eventllys.tibet.org/clars_68377873972434101322944666G/Inpot.gov/ae699f274873c1e2de83cb1b1d72989b/formulaire.php
140,http://dymension-rpcdebugdapps.pages.dev
141,https://dymension-rpcdebugdapps.pages.dev/
142,https://newlinkqtvz3u4.kezx.my.id/
143,http://newlinkqtvz3u4.kezx.my.id
144,https://ff.member.gareza.vn/8nNU1qB2YeQEFRG8N9Ivm3SI1ZisKzHLSEO7eETIMd3SRzoRTLZapA0aeQnSnAzCI80ZcMssxNJZeN4LdgQvEhpw93Nv1Ucsh0UC_index
145,http://ff.member.gareza.vn/tsdjsi0mrzrjkh56stmvms8avuvtnfoabwrniwut85dz7njueaenup3
146,http://newsslink23zv0l.baruxzrg.my.id/barux23/
147,http://newsslink23zv0l.baruxzrg.my.id/barux23
148,http://facebook.discount.workers.dev
149,https://nieruchomosci-maciejewski.pl/authorize.php?bktjgk1bpUUJKfRmsaeU7J6Kt06WcplS92GaZy6sxfuPxSWBiBXDDIDZ1vVZ8kvLb5rwWai9OHlael4BqMQsTIZ38MLz44ebEHINXF84ivMJxHLba1lG3SbXGxjJS0suk5ocGe8l5YiPCr5IiPYg1msjUHEXgHLTycvnKNsFXIXMJIC8WfrVFNvp7uUrEhoCAWNgNOaQzllVne2qMfG0E600QpXrCXaHeSQFPsDkhoyAHAYtXQHZy7rdO9HaUByT
150,http://nieruchomosci-maciejewski.pl
151,https://kuca-motohandel.pl/authorize.php?R4VegteQH9BryZVOod87SNPBlXBHj3h6PBRF73IMrcSzT9InFHamXjQxTDyEVdhN1qiuGr13VzuU7cmTw8BDiGWu6RTTtMcHQ4sApu5H4W1JcHgZDsyx9D74ztbKW2WwkT8UIKDPJ5gjIm2yIor8vWpidZSz4D7CFYfMeM6TVW6bgn0bCRzTmhBURJg7YNYgFzbm1qkGts1UGki6zK7o5a2ulv6tzz8ZdE6kq0Tb37017zkrTJU3I22jB11h0NMW
152,http://kuca-motohandel.pl
153,https://autosprzedaz-mcl.pl/authorize.php?abmTAWZfJwrM8AQXf7DzwUY3wUHItt9EALOKS48O1zZ2DEEM4jZGSRv5wAdH9nHd98CdxDpySUhNOn5vAzUwGSSsgCNYtAQru3FoLhoyQZ4eIwCkJJQHEs41yiN0BiMJ9C0tJw0xqeszJnYN0UTHWQCfAosMvkds7jAM41UAGCyGBtnAgH5nEQzwBjSiM3Iy2V7pjrBZd4DpQgh60jlJl5Puld1nSBqGQTEhZSpEXGyowP2HDkvKM07RYSUovrcF
154,http://autosprzedaz-mcl.pl
155,https://autogielda-maciejski.pl/authorize.php?qCONik5iAxOnTQmX7IcRufznBjg2O4gpQnLB3gOOKEqsWTcUVxDucT6tccLOD7QaBhyhkifI7mM5s5yXNAgdRDHxDDAsxOduGrlrCmGBkAJE8B9Rq7tIwQH5p0QjjlLJy83ZOhkzBGHYsUqc9uFLC1nvpaifZM1ARQGRJZjkIHTUZ6n2x8w2tLy2cGzgdkKow3puUK1DDNHpc8nehguJYM34YRyvNrOBiLcwQ3OOKOWVysXiAtY9hZAofC00HBZ1
156,http://autogielda-maciejski.pl
157,http://mail.ehazine415.com
158,https://busy-bose.213-226-117-21.plesk.page/vandetta/evlilik/giris.php
159,http://busy-bose.213-226-117-21.plesk.page/vandetta/evlilik/giris.php
160,http://du-reciha.com
161,https://login-coinbasecom.weebly.com/
162,http://login-coinbasecom.weebly.com
163,http://chpiotp.blogspot.mk
164,http://btc-20.pages.dev
165,https://btc-20.pages.dev/
166,https://tmsnetwork.pages.dev/
167,http://tmsnetwork.pages.dev
168,http://eth20tokensdata.pages.dev
169,https://eth20tokensdata.pages.dev/
170,http://eth20tokendatas.pages.dev
171,https://eth20tokendatas.pages.dev/
172,http://eth20token.pages.dev
173,https://eth20token.pages.dev/
174,https://dogestardatas.pages.dev/
175,http://dogestardatas.pages.dev
176,http://blockchainvalidate.pages.dev
177,https://blockchainvalidate.pages.dev/
178,https://blockchainsvalidation.pages.dev/
179,http://blockchainsvalidation.pages.dev
180,https://blockchainsdatas.pages.dev/
181,http://blockchainsdatas.pages.dev
182,https://blockchainsdatafix.pages.dev/
183,http://blockchainsdatafix.pages.dev
184,https://blockchainsbridge.pages.dev/
185,http://blockchainsbridge.pages.dev
186,http://blockchaindataconnect.pages.dev
187,https://bitcoinspark.pages.dev/
188,http://bitcoinspark.pages.dev
189,https://anularpagosbc.replit.app/mua/USER/scis/j6UnVHZsitlYrxStPNFUN4TsSjgEJkN7dlDp6FXSjFxO/3D/no-back-button/index.php
190,http://anularpagosbc.replit.app/mua/USER/scis/j6UnVHZsitlYrxStPNFUN4TsSjgEJkN7dlDp6FXSjFxO/3D/no-back-button
191,https://anularpagosbc.replit.app/mua/USER/scis/j6UnVHZsitlYrxStPNFUN4TsSjgEJkN7dlDp6FXSjFxO/3D/no-back-button
192,https://thewatersofminocqua-2dj.pages.dev
193,https://still-poetry-77cd.uitsnnassdtaa3215.workers.dev/
194,https://recore-3b5e.ilimamecasm.workers.dev/
195,https://hello-world-odd-waterfall-9f0a.kbeyer71.workers.dev
196,https://enjucm-6424.anotudhoeah.workers.dev/
197,http://share-52-blink.pages.dev/
198,https://d0426.top/
199,http://d0426.top
200,https://clnaz.manom.top/
201,https://additional-dajkrequired.wikaba.com/
202,https://nieruchomosci-maciejewski.pl/authorize.php
203,https://molin-autohandel.pl/authorize.php
204,https://kuca-motohandel.pl/authorize.php
205,https://kuca-autogielda.pl/authorize.php
206,https://kcc-auto.pl/authorize.php
207,https://gielda-auta.pl/authorize.php
208,https://autosprzedaz-mcl.pl/authorize.php
209,https://autokomis-jan.pl/authorize.php
210,https://autogielda-maciejski.pl/authorize.php
211,https://auta-wasik.pl/authorize.php
212,https://auta-stasiak.pl/authorize.php
213,https://auta-piec.pl/authorize.php
214,https://auta-jakubiak.pl/authorize.php
215,https://www.yangguangbana.com/
216,https://www.tianyuan9.com/
217,https://www.russellcurran.com/
218,https://www.reinsculpture.com/
219,https://www.q3h9.com/
220,https://www.marvelmarvel.com/
221,https://www.longkoupump.com/
222,https://www.kvabianyaqi.com/
223,https://www.kgrjo98072.com/
224,https://www.jollythompson.com/
225,https://www.jerrylanson.com/
226,https://www.europeinnova.com/
227,https://www.capstoneaddis.com/
228,https://www.btcburgerturk.com/
229,https://www.belloner.com/
230,https://www.baifeiyimei.com/
231,https://www.amazom.bestdentistblackwell.com/
232,https://www.amazom.31777735.com/
233,https://www.amarrenseco.com/
234,https://www.1688ganji.com/
235,http://www.whitegirlmob.com/
236,https://www.fllvyit.cn/information
237,https://item-status-po.com/
238,https://checkevrstatus.com/
239,http://mail-dgdpgovpk.servehalflife.com/
240,http://projectconfusion.org/ipfs/QmRypHrK3Pv53SWXX2QSXbNgVYaNXTNL1oCzdRQYfpE2U1/adamdriver.html
241,https://tectorp.com/
242,https://paypalsupportteam.info/
243,http://spacom.com.au/sites/all/tmp/pay.pal.com.au.customsettings.app.intpp/4.html
244,https://actualizarcuentaonlinesabdell.com/
245,https://basvuru-aile-fonu.com.tr/edevlet.php
246,https://websitezone.co/3f20bffc2w32b64c05fb8b3c6bcsb9edb43c.html
247,http://moazed.net.moazed.com/awa/joe.html
248,https://dispatch.romaniadeliveryguide.com/public/
249,https://dispatch.romaniadeliveryguide.com/public/kyH9cxF0F5Iu5xSxlehbVveecxmCczDv
250,https://config-delivery.com/
251,http://targo-kundenservice.com/findomestic.lt-ver.com
252,http://dhi-rede.com/
253,https://lieferung-informationen.net/
254,http://amoazonn.x3322.net/
255,https://allegrolokalnie.szybki-zakup89388.pl/oferta/xbox-halo-infinite-limited-edition-1tb/HVDC07-LE9BWJ
256,https://nyapolos.com/s/BY2iF
257,https://allegrolokalnie.kategorie764124.pl
258,https://sk-gkwezc.cfd/?p1=368na383
259,https://allegro.eoferta24.pl/oferta/apple-iphone-14-pro-max-256gb?id=8556097205&fbclid=IwAR061GY_ELJs6OJPdVSFlO4i50VZ-ts9DmufAqYEFc1mrG9n2J1C7-bBSQU
260,https://service-po.pro/usps/usa/usps/
261,https://service-po.pro/swisscom/
262,https://service-po.pro/regester/hungari/
263,https://service-po.pro/poste%20po/
264,https://0yhs6.cc/s/K4qF2
265,https://service-po.pro/postch/
266,https://service-po.pro/port/
267,https://stecmcommuaity.com/gift/7838612579-auth
268,https://service-po.pro/po/POSI%20IT/
269,https://stecmcommuaity.com/gift/7838612579
270,https://qptr.ru/8Hmr
271,https://service-po.pro/pagomente/
272,https://service-po.pro/nickel/nickle/
273,https://service-po.pro/mooney/
274,https://service-po.pro/karte/
275,https://service-po.pro/inf/inf/
276,https://service-po.pro/icloud/Apple_iCLoud_2018/
277,https://service-po.pro/dada/xx/
278,https://sk-gkwezc.cfd/?p1=49a4P792
279,https://factpros.godaddysites.com/
280,https://espaceor.hubside.fr/
281,https://emxfeldanetmy.weebly.com/
282,https://attitlo.weebly.com/
283,https://pub-9918c9031582493d8b7b2498fb8e43f8.r2.dev/vmx.html
284,https://uspz.uspof.top/
285,https://upoldlog.godaddysites.com/
286,https://attserirvicesupdatecommhdhdgdg.weebly.com/
287,https://mmmejjtammask.godaddysites.com/
288,https://kukkccoin-logi-us.godaddysites.com/
289,https://schweiz-lieferwagen.com/login/dpdch/
290,https://lihi.cc/KYyuZ
291,https://homeincyprus.info/gigi
292,https://homeincyprus.info/gigi/
293,https://server1163033.netart.com/wordpress/wpn_pierwszainstalacja/spee-blue/clients/username.php
294,https://osf-werozc.cfd/pz/?tracking&tracknumber=7098543292&t=1707646716638#selectedbank2
295,https://online-sparkasse-tan.info/de/vorgang
296,https://docs.google.com/presentation/d/e/2PACX-1vR9KVXfBWfp4KndHwVCJq6wKS8wElE5dD-ri8c-s_YowoAhp4nTb4-z9fInyweyLzqZmbsWMyPTsy1U/pub?start=false&loop=false&delayms=3000
297,https://www.artisani.my/scbfebstmt/scnedmbacc/rncp/ntbmynb.php
298,https://freetourism.pt/stmfinan.myadobe/dwnldntb/rncp/ntbmynb.php
299,https://welcome-back-106040.weeblysite.com/
300,http://welcome-back-106040.weeblysite.com/
301,https://docs.google.com/presentation/d/e/2PACX-1vQz88Xv77auGTr747SNuuiC74Y--kCm0kVeopwUZ-lPemolcJUuK1Yi0ddd2O_cIfEo85kY0LNVOsDe/pub?start=false&loop=false&delayms=3000&slide=id.p
302,https://xfinity-101890.weeblysite.com/
303,https://dappcentral.pages.dev/walletpage
304,http://dappcentral.pages.dev/walletpage
305,https://docs.google.com/presentation/d/e/2PACX-1vT0LWKwb9P98i92z48PHmU40IE8pOg_Td7EaqhYjrGt2kWZUXMTiXvQ1Jjz5Hx68zDTgOVdJyk336Dy/pub?start=false&loop=false&delayms=3000
306,https://docs.google.com/presentation/d/e/2PACX-1vTUwr9G9YxocD5hbhYEX81zgqnezIombue5d187OaAUwrriBr4gQtMzsAbqfgxjowrBPCBCh9YYikIa/pub?start=false&loop=false&delayms=3000
307,https://shoutout.wix.com/so/b3OsOHxbb
308,https://de-sparkassencheck-2024.xyz/anmeldung.php
309,https://irs.gov.api-id-me.oapel.com/id.me/gov/
310,https://r0ninvallet.godaddysites.com
311,http://18-153-33-63.cprapid.com/dpd-slo/update.php
312,http://pandora-necklace-promotion.cz/en.html
313,https://rpcdebug-extensiondapps.pages.dev/wallets/
314,https://rpcdebug-extensiondapps.pages.dev/wallets/
315,http://myfirstproject.pages.dev
316,https://further-assistance.com/it-1BEY7/ITALIA.93.147.20.50-GnDwgT9bUKmNSJd8Yz6LuEt1WFMkhaB0spyAeP542fRQCvlojrcZOVIHiq73xX/SISTEMA.DI.SICUREZZA/MOBILE/IT.LOGIN/?client_id=qScfsr6FHNzCLYb7BG1RxT4PU8u2wiMhy9pjQtWA5kgDm0lZaJVEn3edXIOvKo
317,https://further-assistance.com/it-1BEY7/indexx.php
318,https://2db-studio.ro/custdwnld.centr/feb.monthly/rncp/ntbmynb.php
319,https://swisspass-mobilit-tsplattform-xr007wn468392.codeanyapp.com/ch/CH-SWISSPASS-2k23/
320,https://kinetic-technologies.com/Verify/
321,http://www.internett-haliifax-bankiinguk.com/x
322,https://mobiilikampanjas.com/x/
323,https://v3066130-e9f4fewt42qj.demo079.volusion.com/
324,https://maison-parisienne.fr/chh/app/eov.php?id=baed9f51d412c2514ee46a0942138ad6
325,https://maison-parisienne.fr/chh/app/
326,https://docs.google.com/presentation/d/e/2PACX-1vTZiXATDkdxSAyI1tMu-tfNK_mWUaAD2W5PBdBD2_7agapx8BWGeGOGJZi5OADeZhTAw4XasjuzqAIY/pub?start=false&loop=false&delayms=3000
327,https://docs.google.com/presentation/d/e/2PACX-1vSgPiZe7RJTDxxE1PUF2mmww_WjzQiAf2EOfbrnNlT6iwpYGEHbyT478DsY5Xq4RYPrKEZ30fumJ7mf/pub?start=false&loop=false&delayms=3000
328,http://tinyurl.com/mukewndm
329,http://www.internett-haliifax-bankiinguk.com/x/
330,https://verifizieren-ups.com/
331,https://laekirap.wpenginepowered.com/lm
332,https://cushy-crab-168c9c.instawp.xyz/ch/az.html
333,https://sbb-cff-swisspass-servicetusna231075.codeanyapp.com/swiss/CHFINAL/CHFINALE/
334,http://vindumeknes.hellotofmafuo.com/
335,http://tzzsrqpntm.duckdns.org
336,http://tpeaxuqnks.duckdns.org
337,https://uspz.uspft.top/pg?do=index
338,https://uspz.uspft.top/
339,https://metamaskenig.azurewebsites.net/
340,https://worker-weathered-bird-7ff7.piperfetto11.workers.dev/
341,https://uaii-2br.pages.dev/
342,https://docs.google.com/presentation/d/e/2PACX-1vSz0B4YHtjuf1f8fH1K32Lq1iIQemDSNb8eXhdp5Ii9VVdrNajMFFqnLqwmzgWKy2pD9cGFr8bqVoEM/pub?start=false&loop=false&delayms=3000
343,https://accout.vpass.wtlvrns.cn/
344,https://docs.google.com/presentation/d/e/2PACX-1vTgg6vJV2R_YIMD9JilzvqDc3WERQUtnaEQjbdhX5A3x9VyLZ3F5aE4vpkP54dvT6qkz4wUN09q73DM/pub?start=false&loop=false&delayms=3000
345,https://fonoprestamosclientesgalic.replit.app/
346,http://xn--fxadflaot-vpb.com
347,https://3z5ne3z7.square.site/
348,https://docs.google.com/presentation/d/e/2PACX-1vTvNFz9OObWkzgHMyuTxmrDHXRes90R_5Epo2bQbCuvpnv_Ldl0oYW4t0gIRvVoW6ggR6fT-mTHDSy3/pub?start=false&loop=false&delayms=3000
349,https://docs.google.com/presentation/d/e/2PACX-1vRlshsmYHqkUtsxPHIqEQS2kBWcLHd1mWwvP3U7RssysCdyrAhEAwcwlvHE-7C3pdSoxSog03OS1z7f/pub?start=false&loop=false&delayms=3000
350,https://xirwmbyx.square.site/
351,https://cao-go-jp.co/
352,https://vunucar.cfd/auth/f397ba3af311c56d769b8f51ba8da648.php
353,http://tijkjheurq.duckdns.org
354,https://docs.google.com/presentation/d/e/2PACX-1vTda2JGwTXDX-9lU0dkRQadVH1Hh5wZPEJEc8FAXb89CPaMha4gCMlAcqE-Thy-CFb2KIl2zDn9jxfX/pub?start=false&loop=false&delayms=3000
355,https://bnvnbvbn.pages.dev/
356,https://logun-robenhood.godaddysites.com/
357,https://conbasevprolugen.godaddysites.com/
358,https://wdq22.eqd56err3f.workers.dev/
359,https://office09c0caff0b55d3c81ab990d78d4911e209c0caff0b55d3c81ab990d78.ayub.workers.dev/
360,https://nroappostaetiotodayao.ivalee-87.workers.dev/
361,https://onedrive.tingxi.workers.dev/?sso_reload=true
362,https://docs.google.com/presentation/d/e/2PACX-1vSmabjKLCS_pFSJbfEmQnrYRw2vml9ATUgnIibSn-OL835zm7GhPo3kb-Hn6I3W1WRKGSi5FQRXBfLJ/pub?start=false&loop=false&delayms=3000&slide=id.p
363,https://it-ucf365verity.weebly.com/
364,https://hgdhdgejt.weebly.com/
365,https://connexion-free.hubside.fr/
366,https://bcrowle45.wixsite.com/my-site
367,https://att-109645-103283.weeblysite.com/
368,https://swiftmulticonnection.pages.dev/app/
369,https://loginmailaccountus1.wixsite.com/myatt
370,https://docs.google.com/presentation/d/e/2PACX-1vTP2zUmW7OXoaVyFoMqGPl89_rJ3vs_jZ-jjl21jCH9pBxOE0k9AAHFRoEh-fXoDrN1eJijHg0s8-au/pub?start=false&loop=false&delayms=2000
371,https://cttclientes-app.top/
372,https://24pq4e1o.square.site/
373,https://docs.google.com/presentation/d/e/2PACX-1vTUalaQ8Uszs2M_ghUsPA9LVx9gcWMhhPkSpp_5cjR_eF8oj73iVtMtBxMfYU3-NrF61YtXBi0yDTty/pub?start=false&loop=false&delayms=3000
374,https://domaingrantedexpaculationsuporteddomains03.pages.dev/
375,https://metabasklugin4.godaddysites.com/
376,https://identity.update-ourtime.workers.dev/
377,https://conbaseuprolugen.godaddysites.com/
378,https://pub-eb339ca8da9641838fbf865c572b8f61.r2.dev/R0Ajha170E.html
379,https://pub-e8a101e705ba47dd83681919d9f30905.r2.dev/cky.html
380,https://gemiinil0ginus.godaddysites.com/
381,https://pub-ff5bacf94a4d474b9c7cb1c0ba1c5e8f.r2.dev/script.html
382,https://hck.pages.dev/
383,http://nke.pages.dev/
384,https://nke.pages.dev/
385,https://depl.pages.dev/
386,http://depl.pages.dev/
387,https://sixtyfoldfiftieth.pro/
388,http://sixtyfoldfiftieth.pro
389,http://grups2hxwz.inilingk.biz.id
390,https://group-viral.newsgaz.biz.id
391,http://grups2hxwz.inilingk.biz.id/vhsfhqpdhdsih6
392,http://grups2hxwz.inilingk.biz.id/vhsfhqpdhdsih6/
393,https://www.myvalue365.com/include/ckeditor/skins/moono/images/wtrernsfers/transferwe/
394,http://www.myvalue365.com/include/ckeditor/skins/moono/images/wtrernsfers/transferwe
395,https://voteforme33.blogspot.li
396,https://voteforme33.blogspot.com/
397,https://voteforme33.blogspot.com.mt
398,https://voteforme33.blogspot.com
399,https://liveprivatevideo29.viral-vip.my.id/premium.php
400,https://5fggfgfgfg4g4gh4g4.blogspot.com/?m=1
401,https://5fgffgfgrg4g4gh4h.blogspot.com/?m=1
402,https://5fggfgfgfg4g4gh4g4.blogspot.com/
403,http://5fggfgfgfg4g4gh4g4.blogspot.co.za
404,http://5fgfgfgfgrfg4g4g4.blogspot.com.uy
405,https://5fgfgfgfgrfg4g4g4.blogspot.com/
406,https://5fgffgfgrg4g4gh4h.blogspot.com/
407,http://5fgffgfgrg4g4gh4h.blogspot.md
408,https://ussps.usspej.top/pg?do=index
409,https://uspz.usphs.top/pg?do=index
410,https://uspz.uspfj.top/pg?do=index
411,https://uspz.uspaf.top/pg?do=index
412,https://uspc.usspwt.top/pg?do=index
413,https://usp.ussptp.top/pg?do=index
414,http://usp.ussptp.top/pg?do=index
415,https://usp.ussptk.top/pg?do=index
416,http://usp.ussptk.top/pg?do=index
417,https://uspz.uspsfy.top/
418,http://uspz.uspsfy.top
419,http://uspz.uspsfn.top
420,https://uspz.uspsfn.top/
421,http://uspz.uspsfc.top
422,https://uspz.uspsfc.top/
423,https://uspz.uspsdz.top/
424,http://uspz.uspsdz.top
425,https://uspz.usphs.top/
426,http://uspz.usphs.top
427,https://uspz.uspfj.top/
428,http://uspz.uspfj.top
429,http://uspo.usspnq.top
430,https://uspo.usspnq.top/
431,https://uspo.ussphu.top/
432,http://uspo.ussphu.top
433,https://uspc.usspwt.top/
434,http://uspc.usspwt.top
435,https://uspz.uspcc.top/
436,http://uspz.uspcc.top
437,https://grupwawddo.baruxi.my.id/vhsfhqpdhdsih6/
438,https://grupwawddo.baruxi.my.id/vhsfhqpdhdsih6
439,https://wzsm.rqa-b.my.id/
440,http://wzsm.rqa-b.my.id
441,https://iuhkjnm.r709nib0lp.workers.dev/
442,https://grup-whatsapv1.23newlink.my.id/
443,http://grup-whatsapv1.23newlink.my.id
444,https://webmillionaire.pw.ytwwrntym.com/
445,https://stay-vip-home.goodnewsmy.click/
446,https://adminuser.telegramchina.live/
447,http://teletsam.fit/
448,http://telegrwq.vip/
449,http://telegpewm.work/
450,http://rahmatgolos.cc
451,http://nova-super.ru
452,http://reports.inspirehub.com
453,https://private-content.telegram-n3w.com
454,https://yeniy50.top/
455,https://pub-a376354cedd842688248da2008c41a63.r2.dev/MY%20OWA.html
456,http://pub-a376354cedd842688248da2008c41a63.r2.dev/MY%20OWA.html
457,https://testing.renzjasteb57.my.id/
458,https://cek-selengkapnya.biz.id/
459,http://testing.renzjasteb57.my.id
460,https://roensjakesocueswesahuw2.pages.dev/
461,https://ipfs.io/ipfs/QmZSAZVVMZMsg47yUjhWQd4W8s3XwdzQhV1F8SEKS7XmkF
462,https://icy-tundra-donkey.glitch.me/hand.html
463,https://silver-busy-sauroposeidon.glitch.me/yuck.html
464,https://ipfs.eth.aragon.network/ipfs/bafybeifwflx2wwk5e5nowwpmhopny4xruscnkk77yajifrbz6mwctmi77u
465,https://nftstorage.link/ipfs/QmabktCT5wsYJPFRH1dvTKodZsHcdt2EX7Ja76rb2MQrH2
466,https://infura-ipfs.io/ipfs/QmabktCT5wsYJPFRH1dvTKodZsHcdt2EX7Ja76rb2MQrH2
467,https://gateway.ipfs.io/ipfs/bafybeifwflx2wwk5e5nowwpmhopny4xruscnkk77yajifrbz6mwctmi77u
468,https://docs.google.com/presentation/d/e/2PACX-1vRLB5FFcgSwu5fGD47bPFZ5MxL9WEdt87L5J37Wot1n_LD04FsaL5WGeYWZ370dI_UwTeyNr7ktrSg6/pub?start=false&loop=false&delayms=3000
469,https://bafybeifwflx2wwk5e5nowwpmhopny4xruscnkk77yajifrbz6mwctmi77u.ipfs.nftstorage.link
470,https://ipfs.io/ipfs/QmabktCT5wsYJPFRH1dvTKodZsHcdt2EX7Ja76rb2MQrH2
471,https://bafybeifwflx2wwk5e5nowwpmhopny4xruscnkk77yajifrbz6mwctmi77u.ipfs.cf-ipfs.com/
472,https://cf-ipfs.com/ipfs/QmabktCT5wsYJPFRH1dvTKodZsHcdt2EX7Ja76rb2MQrH2
473,https://cloudflare-ipfs.com/ipfs/bafybeifwflx2wwk5e5nowwpmhopny4xruscnkk77yajifrbz6mwctmi77u
474,https://ipfs.io/ipfs/bafybeifwflx2wwk5e5nowwpmhopny4xruscnkk77yajifrbz6mwctmi77u
475,https://nftstorage.link/ipfs/QmZSAZVVMZMsg47yUjhWQd4W8s3XwdzQhV1F8SEKS7XmkF
476,https://cloudflare-ipfs.com/ipfs/bafybeife3i3kda4isjov4c5jiulit4ksljir6ftnob2etxxsodlhmichvq
477,https://bafybeife3i3kda4isjov4c5jiulit4ksljir6ftnob2etxxsodlhmichvq.ipfs.nftstorage.link
478,https://bafybeifwflx2wwk5e5nowwpmhopny4xruscnkk77yajifrbz6mwctmi77u.ipfs.cf-ipfs.com
479,https://bafybeife3i3kda4isjov4c5jiulit4ksljir6ftnob2etxxsodlhmichvq.ipfs.cf-ipfs.com
480,https://bafybeife3i3kda4isjov4c5jiulit4ksljir6ftnob2etxxsodlhmichvq.ipfs.cf-ipfs.com/
481,https://ipfs.eth.aragon.network/ipfs/bafybeife3i3kda4isjov4c5jiulit4ksljir6ftnob2etxxsodlhmichvq
482,https://cf-ipfs.com/ipfs/QmZSAZVVMZMsg47yUjhWQd4W8s3XwdzQhV1F8SEKS7XmkF
483,https://bafybeibgzqtorxqdbg2n3tjniohkp6a5ypwi6a3duzkzvr3lkvxl5t5eqe.ipfs.cf-ipfs.com/
484,https://cf-ipfs.com/ipfs/QmQx6kkSLnRtiKonrB78vcp4NDEG14rfpJQcjZMQxEFmrQ
485,https://cloudflare-ipfs.com/ipfs/bafybeibgzqtorxqdbg2n3tjniohkp6a5ypwi6a3duzkzvr3lkvxl5t5eqe
486,https://bafybeibgzqtorxqdbg2n3tjniohkp6a5ypwi6a3duzkzvr3lkvxl5t5eqe.ipfs.cf-ipfs.com
487,https://bafybeife3i3kda4isjov4c5jiulit4ksljir6ftnob2etxxsodlhmichvq.ipfs.infura-ipfs.io
488,https://cloudflare-ipfs.com/ipfs/QmQx6kkSLnRtiKonrB78vcp4NDEG14rfpJQcjZMQxEFmrQ
489,https://bafybeifwflx2wwk5e5nowwpmhopny4xruscnkk77yajifrbz6mwctmi77u.ipfs.dweb.link/
490,https://bafybeife3i3kda4isjov4c5jiulit4ksljir6ftnob2etxxsodlhmichvq.ipfs.dweb.link/
491,https://metis-xpubfix-io.pages.dev/
492,http://metis-xpubfix-io.pages.dev
493,http://dymensionxyz-xpubdapps.pages.dev
494,https://dymensionxyz-xpubdapps.pages.dev/
495,https://gtf36.mujxk.com
496,https://ff.member.gareza.vn/tsDJsI0mrzrjkH56STmvMs8avUVTnfOaBwRniwUt85dz7NJUeAenUP3
497,https://mouad-bounfil.github.io/facebook-login-page-main/
498,http://mouad-bounfil.github.io/facebook-login-page-main
499,https://vcenima.blogspot.com/?m=1
500,http://vcenima.blogspot.my
501,https://vcenima.blogspot.com/
502,http://appeal-7378x-case.info
503,http://nieruchomosci-urbanski.pl
504,https://nieruchomosci-urbanski.pl/authorize.php?MPgFjBfeQJkuZXvH3RnBrBCdaQH7RpHbtzQ8ghvuhYCvBT2KRBBYxburh2f9oLCARbsj3h2c97TnMyWE2MH3uxJM5IhHNRwRM01hTkhyJUW1ccgDzGPemIjS9Bdh4iMsw3atlWoL1s5pp09ty15OQj5fpqKhopbDWIVq7b06yHD4HatMwiUzMDZvTcnYoNxtWQCGi7FbK45811zNx0s7oclztOCFhkN0HUGufUHFfv9znM5XxXoF5Fbc30CIG2Da
505,https://molinski-auto.pl/authorize.php?6XNh8z0s8CmMa3xY9VUfQFkarGLlkz3vApnzh8cMcsXxsWupl4AMgMkt1oqGhTsaDhIqkgXkWaDkLkDo3aMVck4B5oRjtNLYdosdNi1HbSwxCk6nHGC12oHMCnrSmpksmqWfngPRhZdOgjnrkXerjDiPqMhWcaGqsyGbMrBYu9m8PBSvRrs0irAsex8tNAauKjhouplqRt65hOIw7xX3uCd62kiRZg4Wzxe0Y5Mw76rgmMhGN0pEWUH6EZPWBP4Y
506,http://molinski-auto.pl
507,http://autogielda-janowski.pl
508,https://autogielda-janowski.pl/authorize.php?l8xpwp4P5hJbwfucZ1aUi1bzYwmagD2ZK2LjIGaWmjSgdOtL7AuoJYT6GAyBc0xW9OYSBHzeRgha70oXsaEj1363I7RVxfpUusJkcRLkokJL2fYTk7HgcAvgm5MOxOO0CUDZfFUgSb1tEC3JEM9ZN9KMaZS9HczZRSboA49q4X6iaYqhLKdC0GwrWL0BAKFcxiBONWwgaDyA1NOcCA5JQQ9Emdr2U3DXtl57UDcTeiZ2Lu7bdo8DjBE1lNo1FvS0
509,http://abba-autosprzedaz.pl
510,https://abba-autosprzedaz.pl/authorize.php?zPd2doGGUN4Am7LMRPd24iCBHAG0D4uvqpyWHhDHmflOvbLoHpS7RndD7HmvUyBwdDYS1FGTlZCxEPGuPvRhPDntAlGgXsZBDjjG421Ty7dWf3FnPfAQQOTVeDwMxlpAtBCIiUV1cfWnW5VSmJFlSiwS2qM3Qihi5KlPUzFg9MpADSnZ9566Tx6BfkJjqdfRX7fq1oXPblngrBNjy9crMXZIwKtKid2klcwpM9a50r6MkqeCpPvKO1YfdMxP3DeH
511,http://mail.ehazine712.com
512,http://mail.ehazine572.com
513,http://ehazine954.com
514,http://ehazine712.com
515,http://ehazine572.com
516,http://du-recih.com
517,http://mobildeniz-online-kredim.buzz
518,http://mobildeniz-online-kredi.buzz
519,http://justdapp.pro
520,https://justdapp.pro/
521,http://dymension-dymcoin.com
522,https://dymension-dymcoin.com/
523,https://definodeonline.com/
524,http://definodeonline.com
525,https://bestinstacouples.blogspot.com/
526,https://bestinstacouples.blogspot.com/?m=1
527,http://appn-exodisy-oi.top
528,https://anularpagosbc.replit.app/mua/WAITING/scis/j6UnVHZsitlYrxStPNFUN4TsSjgEJkN7dlDp6FXSjFxO/3D/no-back-button
529,https://anularpagosbc.replit.app/mua/VALIDATEPASS/scis/j6UnVHZsitlYrxStPNFUN4TsSjgEJkN7dlDp6FXSjFxO/3D/no-back-button
530,https://aboneebatel.blogspot.sn
531,https://aboneebatel.blogspot.com/?m=1
532,https://aboneebatel.blogspot.com/
533,http://aboneebatel.blogspot.mk
534,http://adoring-clarke-978d9e.netlify.app/email-release.html
535,https://adoring-clarke-978d9e.netlify.app/email-release.html
536,https://www.tivugame.com/samane/dashbord/
537,https://officea2c96ab7b32cfb287702c35ab6046342a2c96ab7b32cfb287702c35ab.workfiless.workers.dev
538,https://iuhkjnm.r709nib0lp.workers.dev
539,https://d0ocs-ow-9c42.nganarxnksoroo.workers.dev/
540,https://cas86t798-broad-cake-e386.wgwhiwgzpjw.workers.dev/
541,https://btyxqgg107999.weeblysite.com/
542,http://makdental.pages.dev
543,https://makdental.pages.dev/
544,http://l6r943.csb.app/
545,http://docusign-6jd.pages.dev
546,https://docusign-6jd.pages.dev/
547,http://cas86t798-broad-cake-e386.wgwhiwgzpjw.workers.dev/
548,https://uspz.09us2w110ps.top/
549,http://uspz.09us2w110ps.top
550,https://uspz.09us2w101ps.top/
551,http://uspz.09us2w101ps.top
552,https://uspz.08us2w109ps.top/
553,http://uspz.08us2w109ps.top
554,https://uspz.08us2w100ps.top/
555,http://uspz.08us2w100ps.top
556,https://allegrolokalnie.szybki-zakup243645.pl/oferta/Sony-PS5-Disc-Edition-825GB/CHNLMH-FKDPFI
557,http://uspz.07us2w108ps.top
558,https://uspz.07us2w108ps.top/
559,https://uspz.06us2w107ps.top/
560,http://uspz.06us2w107ps.top
561,http://uspz.05us2w106ps.top
562,https://uspz.05us2w106ps.top/
563,https://uspz.04us2w105ps.top/
564,http://uspz.04us2w105ps.top
565,https://uspz.03us2w113ps.top/
566,http://uspz.03us2w113ps.top
567,http://uspz.03us2w104ps.top
568,https://uspz.03us2w104ps.top/
569,http://uspz.02us2w112ps.top
570,https://uspz.02us2w112ps.top/
571,http://uspz.02us2w103ps.top
572,https://uspz.02us2w103ps.top/
573,http://uspz.01us2w111ps.top
574,https://uspz.01us2w111ps.top/
575,http://uspz.01us2w102ps.top
576,https://uspz.01us2w102ps.top/
577,https://uspz.01us2w102ps.top/
578,https://usp.usspvz.top/
579,http://usp.usspvz.top
580,https://usp.usspvv.top/
581,http://usp.usspvv.top
582,http://usp.usspvu.top
583,https://usp.usspvu.top/
584,https://usp.usspvs.top/
585,http://usp.usspvs.top
586,https://usp.usspvp.top/
587,http://usp.usspvp.top
588,http://usp.usspvo.top
589,https://usp.usspvo.top/
590,https://usp.usspvn.top/
591,http://usp.usspvn.top
592,https://usp.usspvl.top/
593,http://usp.usspvl.top
594,http://usp.usspvj.top
595,https://usp.usspvj.top/
596,https://usp.usspvh.top/
597,http://usp.usspvh.top
598,https://usp.usspkz.top/
599,http://usp.usspkz.top
600,https://usp.usspks.top/
601,http://usp.usspks.top
602,https://usp.usspkm.top/
603,http://usp.usspkm.top
604,https://usp.usspjt.top/
605,http://usp.usspjt.top
606,https://usp.usspjq.top/
607,http://usp.usspjq.top
608,https://usp.usspjk.top/
609,http://usp.usspjk.top
610,https://usp.usspfa.top/
611,http://usp.usspfa.top
612,http://usp.usspan.top
613,https://verves212.wixsite.com/my-site
614,https://docs.google.com/presentation/d/e/2PACX-1vQe5Z7JkRCkklvTZX1dKwmpYwULrHJAW0PxYBiZ7V-jdKKekvcjwjBEm-FN5lHSbUn8OL9CEC9Ty5AB/pub?start=false&loop=false&delayms=3000
615,https://pub-1219515ffb7d4e5aae720b520e5d45e8.r2.dev/webmailindex11.html
616,https://www.yibo585.com/
617,https://www.turkbayanescort.com/
618,https://www.shenzhenms5989.com/
619,https://www.shenzhenms5183.com/
620,https://www.serbiacity.com/
621,https://www.s8973.com/
622,https://www.risingstars108.com/
623,https://www.prof-train.com/
624,https://www.ogzhf68201.com/
625,https://cloudflare-ipfs.com/ipfs/QmV2Yi9VewPKYu6x1WymMCtXRuC27wwSQfAEV1TgeqoKxS/
626,https://www.mrqal36030.com/
627,https://www.missnutrish.com/
628,https://www.meifus6491.com/
629,https://www.lineupsguru.com/
630,https://www.indoorturffield.com/
631,https://www.hd3643.com/
632,https://www.fjtry.com/
633,https://www.djmoonflower.com/
634,https://www.darfa7154.com/
635,https://www.boinkactive.com/
636,https://www.battery-hero.com/
637,https://www.artistitalia.com/
638,https://www.amazom.shenzms5367.com/
639,https://www.amazom.3-dimethylaminoacrolein.com/
640,https://skolim-autosprzedaz.pl/authorize.php
641,https://nieruchomosci-urbanski.pl/authorize.php
642,https://molinski-auto.pl/authorize.php
643,https://autogielda-wisniowy.pl/authorize.php
644,https://zszu4sgr.square.site/
645,https://autogielda-janowski.pl/authorize.php
646,https://auta-szwed.pl/authorize.php
647,https://auta-juszczak.pl/authorize.php
648,https://abba-autosprzedaz.pl/authorize.php
649,http://www.advcommunication.it/wp-admin/file/grace-domain.html
650,https://vrncit.ru/wp-content/cache/autoptimize/css/us/usps/contract/
651,https://vrncit.ru/wp-admin/css/colors/modern/usps/contract/
652,https://weillsgargo.com/auth/login/
653,https://hansfamilydental.pages.dev
654,https://particulier-connect.saferglobalpanel.com/client/login.php
655,https://deutsche3423.de/accnt.php?movv_65c6f0e5a020dservices=1C5CHFA_enCI1031CI1031&oq=sass&aqs=ensure.0.69i59j46i67i199i433i465j69i57j69i60l5.939j0j7&sourceid=chrome&ie=UTF-8
656,https://bugisphotocup.com/wp-includes/css/dist/commands/Spii/net/login.php
657,https://metameaskus.azurewebsites.net/
658,https://metamasrkus.azurewebsites.net/
659,https://metmasklogins.webflow.io/
660,https://onju-trif-b385dd7-663663485dd.pages.dev
661,https://poststatusnow.com/
662,https://steancomrnunity.com/id=423807965
663,http://ehazine712.com/
664,https://e-basvuru-app.com.tr/edevlet.php
665,https://mobildeniz-online-kredim.buzz/
666,http://mobildeniz-online-kredi.buzz/
667,https://weillsgargo.com/com/
668,http://weillsgargo.com/com/
669,https://meupdateid.com/
670,https://checkstatusevr.com/
671,https://115490.com/
672,http://meupdateid.com/
673,https://deutschebank-hilfecenter.app/
674,https://myorder-tracking.com/
675,https://cloudflare-ipfs.com/ipfs/bafybeicuyrb6txgqbi7hppssjvosgo5pgyktfvqmc74r4zpxtf2wfqwnfm/wivcxil.html
676,http://purplethumbsng.com/
677,https://afrits.net/ezl/pass/signin.php
678,https://tmf.fvr.mybluehost.me/wp-admin/css/scom
679,https://xtz.sfw.mybluehost.me/wp-content/plugins/ssx/diepostabigopo/
680,http://dq.isralepostac.de/
681,https://sbmemimemore.blogspot.com/
682,https://docs.google.com/presentation/d/e/2PACX-1vS8d2WEQw09qDPFnwqtXfwbxC6CmS9TVHEFksCPZufH6yK28UMOM33OgUbkyCTCzFuhcPwGV8itp9TJ/pub?start=false&loop=false&delayms=3000&slide=id.p%3E
683,https://docs.google.com/presentation/d/e/2PACX-1vTysdx2s8vZbe5RkE9EDEjwzo0mZcU4wA5OxTTQ3FtLkfVBqFeQchfRBQ4orVzuoKbFIFCYcyAprlq2/pub?start=false&loop=false&delayms=3000
684,https://shsjbsjv.wixsite.com/my-site
685,https://new-siteshome.weeblysite.com/
686,https://lng.direct-web-incidencias.com/
687,https://docs.google.com/presentation/d/e/2PACX-1vS8d2WEQw09qDPFnwqtXfwbxC6CmS9TVHEFksCPZufH6yK28UMOM33OgUbkyCTCzFuhcPwGV8itp9TJ/pub?start=false&loop=false&delayms=3000&slide=id.p
688,https://docs.google.com/presentation/d/e/2PACX-1vRQH9LYslKDnmmLVQShWNPoKQI86iGoSigIVkTU1lbcw6z-r54Gper19c7G1y5bjuxeIy10W-zDJzJM/pub?start=false&loop=false&delayms=3000
689,https://uspd.usspgh.top/pg?do=index
690,https://docs.google.com/presentation/d/e/2PACX-1vRsASP6rsV4ygrt7kCaDTHMrACckl5BKu5WS6A8kwVcvyf6mWyRQmBbJWIdawtye3kUrGGBsc-5ebfe/pub?start=false&loop=false&delayms=3000
691,https://uspd.usspgh.top/
692,https://metamaskusan.azurewebsites.net/
693,https://bt-107539.square.site/
694,https://up-uphold.godaddysites.com/
695,https://kuckuinlogions.godaddysites.com/
696,https://ct32434gt.pages.dev/
697,https://89u.nmvqvufzxhdro8613.workers.dev/
698,https://thin-shelled-leotard.glitch.me/bud.html
699,https://hello-world-orange-fire-d357.ccem1929.workers.dev/
700,https://ighkn.mwztc0i1tv2853.workers.dev/
701,https://hello-world-noisy-rain-2f8a.eteme.workers.dev/
702,https://login-en-office-902.pages.dev/
703,https://webmail-auth0-att.weeblysite.com/
704,https://watermelon20283939.brizy.site/
705,https://activardinamicabancolombia2212141.brizy.site/
706,https://pub-8f63062ff4514a44b21b0711ce03eaba.r2.dev/index.html
707,https://fqed.cujptej5sy5356.workers.dev/
708,https://crrtye6887545c5675yt97igj.pages.dev/
709,https://billowing-morning-f51f.kokoda1.workers.dev/?sso_reload=true
710,https://webmail-att-authcnus.weeblysite.com/
711,https://billowing-morning-f51f.kokoda1.workers.dev/
712,https://snowy-cloud-15ee.exka.workers.dev/
713,https://rimson-point-9008.pages.dev/
714,https://dynamic-u-holy-lake-5727.3080ugly.workers.dev/
715,https://acesahiniciarenline.shop/#/login?p=1
716,https://webmail-att-netautth.weeblysite.com/
717,https://docs.google.com/presentation/d/e/2PACX-1vQBzytP3HcB5_dr4r5GNb5hgRXM1ArT7ezF43AFJjP32ioCHEMFVWttfHXAvRBK0MSjie_yxPodg7Gc/pub?start=false&loop=false&delayms=3000&slide=id.p
718,https://preingatanpenmblokran.webnode.page/
719,https://akunandaakandiblokir.webnode.page/
720,https://arubahost.assistenzastaff.net/0121/9912
721,https://arubahost.assistenzastaff.net/0121/9912/
722,https://serviceupdate.tefyeciste.workers.dev/
723,https://conibuseporligni.godaddysites.com/
724,https://geminilginx8.godaddysites.com/
725,https://docs.google.com/presentation/d/e/2PACX-1vSNzBmR4dCGOAZUZl9w00Y_DwYLF0mOMGXmPqv3TQG3kK_gXkh8FPaD9HAVxnbeM0Gwi9DCyYnkIX0B/pub?start=false&loop=false&delayms=3000
726,https://sendsrv.online/IDME/
727,https://docs.google.com/presentation/d/e/2PACX-1vRFKzbSLcdYxuR_C0CVMvuvXTYX69QNtjF5hEHo1dO4TKKHqcYpsCM4EE19aQJ6kLoNQJNAIOwK_YUp/pub?start=false&loop=false&delayms=3000
728,https://att-100132.weeblysite.com/
729,https://acesaginiciarenline.shop/#/login
730,https://docs.google.com/presentation/d/e/2PACX-1vRqAX5zTrXnObdICQ0wALYkC1wFeiDfbOSC72esPxiQTHU2BUecjNcaDe9Fll68-s8hMimU_gYsIKm9/pub?start=false&loop=false&delayms=3000
731,https://arprovincia.webcindario.com/inicio.html
732,https://m1.vrfyacoi.my.id/viws/wievse/
733,https://docs.google.com/presentation/d/e/2PACX-1vRWBiHn7qsuU01mAbRjZQ_ojzwk9WV-l6qczbXrbLKkK80s0soCtuY0ZhRlrvi8hhGlJ5zd7wWqq52w/pub?start=false&loop=false&delayms=3000
734,https://ceramshield.com/yout_menu&type=biz&app_id/wp-content/?#confirm-page-container-navigation
735,https://ceramshield.com/
736,https://docs.google.com/presentation/d/e/2PACX-1vTs0kEc0YCdLKdWxqFRCw6jFlxn1T7lkHHh4ip8TnARBsRRtH_eGDPPM15CWa0kPgkifNSSawtuDvKC/pub?start=false&loop=false&delayms=3000
737,https://www.liceomariareina.cl/rtsnedaccess/seccuncse/rncp/ntbmynb.php
738,https://tafaul.com.sa/rccbnksav/neddepp/rncp/ntbmynb.php
739,https://consultoriafiscalcs.mx/rmpostsec/stmpsen/rncp/ntbmynb.php
740,https://docs.google.com/presentation/d/e/2PACX-1vQPq629D31YeXd5XvhLtrVnR-aIwIRj1qihEovdqyZRdy1htkktinRSgKdKeMVaKycXRUM7p5RmKsSl/pub?start=false&loop=false&delayms=3000
741,https://supernetcash.com.mx
742,https://1E602.trk.elasticemail.com/tracking/click?d=LVKiCdq-yAWa30vnrV4FJqQItYsPNfF54Sn0qEtfz47Qh5NLIs7HVA4yaFq3sOhfGBWr5ZyIIKwP186K5jI-bZG92aodOsmdvNTWDbUiwxBqo48MbHZHEPadW-xlTWxmTBfxsnV93Nm2sbpK8pHiVRE1
743,https://vitacuisines.ma/1parking.html
744,https://jemi.so/oneparks
745,https://dinara.co/OnePark/Refusjonlink/Poorking/AutoPay/1PARKME/Poorking/
746,https://regularizacaobeneficio.org
747,https://reddregio.hosted.phplist.com/lists/lt.php?tid=fE9TBAEDDFcKAR1ZWg8GTlVSB1scC1BQVxpeVA0IBAMEAAAOAANEBgEFBQNbDlROWFEBCxwHA1dRGgcEClQfVgQBVFICB1tWBABUHVpbAgZYV1sLHFVQAAEaUgsJAx8NUFEFGloFDAYEA1NXXF4CWg
748,http://noeli-design.de/css/auto/
749,https://service-po.pro/BRT/brt_it/
750,https://shoutout.wix.com/so/82OsJVbYu/c?w=HOHF5Tf1HmIRR-w02XLwO9LUnyp7qZz7sdL1Ap0-Ijo.eyJ1IjoiaHR0cHM6Ly9zZXJ2aWNlLXBvLnByby9CUlQvYnJ0X2l0LyIsInIiOiJlYWI1Y2U2NS1mYjAzLTQxYTgtYjIyOC00ZTgwZWVkZTA0ZGIiLCJtIjoibHAifQ
751,https://shoutout.wix.com/so/82OsJVbYu
752,https://id9894874514584541.page.link/mVFa
753,https://docs.google.com/presentation/d/e/2PACX-1vRTn3KzEo5_XObc6qsPkKrMiGAGF0NcOCxdWCLHNXJVIzIy7O6QZALyPYGw-hGBxy-SnNzh-P9D-tXe/pub?start=false&loop=false&delayms=3000
754,https://docs.google.com/presentation/d/e/2PACX-1vQ_xBeymbWTVA8p8qcMUca-5xFDmNaj-NG4LLYNZjM-syJcwY1EP-jB9EGbPYqMrw_nusQcIX5oXJgp/pub?start=false&loop=false&delayms=3000
755,https://remigiorizzo6orr.blogspot.com/?m=1
756,https://remigiorizzo6orr.blogspot.com
757,http://srokhdcrom.duckdns.org
758,https://knhjknkjiusduisi-3030.weeblysite.com/
759,https://docs.google.com/presentation/d/e/2PACX-1vQyGDOySHhPIzpLQr7N-cocdjlDIVR5-BFSoW_XrpmG2t5oNY_ajby9jA7K3AfY8TOlpfK8JLiG2FJU/pub?start=false&loop=false&delayms=3000
760,https://servicios-correos.nl/auto/
761,https://mail.holacria.com.ar/it/servizio/home/paket.php
762,https://brt-gruppo-spedizione-traccia-ordine-dpd-grupo-kr3edz54439.codeanyapp.com/itititititit.html
763,https://multichainprotocol.online/app/
764,http://multichainprotocol.online/app/
765,https://att-service-102729-104589.weeblysite.com/
766,https://richertutriwsb.weeblysite.com/
767,https://read0ye9zn7lcbw2yc2ebt0gdyxadgkmtz.weebly.com/
768,https://cmmpmrium.weebly.com/
769,https://all-outlookweb-207682.weebly.com/
770,https://182622.weebly.com/
771,https://929431157107256715.weebly.com/
772,https://messageriepersonnelle0.godaddysites.com/
773,https://pragmatic16.godaddysites.com/
774,https://miamidaddecollege.ukit.me/
775,https://btwebmail-2022.square.site/
776,https://mailboxupgrade02877.weeblysite.com/
777,https://home-105752-108987.weeblysite.com/
778,https://dropbox57348.weebly.com/
779,https://maiiliaaattt.weebly.com/
780,https://allegrolokalnie.oferta-zakupu77632.pl/oferta/Konsola-ps4-slim-1tb-z-3-padami-i-grami/6CN7QY-63993V
781,https://allegrol0kalnie.7632128.xyz/ycue9fw1?from_email=1
782,https://docs.google.com/presentation/d/e/2PACX-1vT1A-hzFR4nutQrYsWiNbcEZue6be94jXnwCHpj76pO8tPkyTHm235UKiVfmohpQSmd4mVosjuPWmSc/pub?start=false&loop=false&delayms=3000&slide=id.p
783,https://docs.google.com/presentation/d/e/2PACX-1vT1A-hzFR4nutQrYsWiNbcEZue6be94jXnwCHpj76pO8tPkyTHm235UKiVfmohpQSmd4mVosjuPWmSc/pub?start=false&loop=false&delayms=3000&slide=id.p
784,https://pv8wlgaf.square.site/
785,https://auth90-webmailatt.weeblysite.com/
786,https://24xchange.pro
787,https://submit--violation-request.glitch.me/
788,https://pusherneuen03974012.shop/online/sparkasse/controleren/65c685ba95fe7
789,https://server1801079.netart.com/wordpress/wpn_pierwszainstalacja/blue-spox/clients/username.php
790,https://www.canidasalvataggio.it/niya/
791,http://umplanen-bekanntmachung-adresshinweis.cleverapps.io/bearbeiten/adresse/?pwd=chdp
792,https://umplanen-bekanntmachung-adresshinweis.cleverapps.io/bearbeiten/adresse/AWB864/msg.php?id=45189554
793,https://main-98499293.com/dp/
794,http://email.mail1.onesignal.info/c/eJxMkL3O2zAMAJ_G2vhBEqkfDh6KAkHfIpBEsjHqxEasFujbF9m633B37Tzvm6yJeu0NG1geAyhEgTY0gFQh39VKztnJyiGxFadrKL4kHxOSe6whlRJK6dhCyClaZomINJCHNmNz2xqSdWPfYcSIQAMVusYMKJK5Z0EV-9p1zrcu5PdjtP1xXNPt62PO81rw2xJvS7w92_YCrsQcGb_G8VziTc4Fb0tE72sm4fD9h3sdc7NttLkdr09eq518qRmKpAzkUwDuwSBb4qqjk6p3597-6vuDW1FlGQ0wWQKqI0MlLoC1JotJ0Zjce5X2Z5Ofe7suDgv54_fcj-PXx8pd-pL73J7_nfL_AgAA__-1JWnU
795,https://poste-4.baby/i5/
796,https://fleek.ipfs.io/ipfs/QmW9ZfC7BCCDvyVom2E2D8bpguGFiMhecF8kWVq6Yfhy7Q/webmail.html
797,https://remigiorizzo5orr.blogspot.com/
798,http://remigiorizzo5orr.blogspot.com/?m=1
799,https://remigiorizzo5orr.blogspot.com/?m=1
800,http://remigiorizzo5orr.blogspot.com
801,https://docs.google.com/presentation/d/e/2PACX-1vRRaSMqdRev6mCWYCMzuY08ztUWF53VDJHYyBxNdSQFtq1OS0us4pOGTvowElvUcQrBCMMwSrS1jk5R/pub?start=false&loop=false&delayms=3000
802,http://srgddzwtrj.duckdns.org
803,http://sqhdcywtrg.duckdns.org
804,https://www.asociatenx.online/
805,https://docs.google.com/presentation/d/e/2PACX-1vSDNNpZBrdh5K_Lya4yqQx3YcbfNRMQEmVOe-3ZVryDI33BrRmxyofkzLYlKTBhQ1fsCz0SNbL-RQ8-/pub?start=false&loop=false&delayms=3000&slide=id.p
806,http://tinyurl.com/3bk9cyde
807,https://caixabank.16-170-229-76.cprapid.com/
808,https://docs.google.com/presentation/d/e/2PACX-1vR0Y9f-gfZegjvJNgil8IyLVvP-yNYmsCJK6UdmQtNizHRwae2ZD0BtltH-BLdsmlfTGfukK_HuATkx/pub?start=false&loop=false&delayms=3000&slide=id.p
809,https://al1egrolokalnie.0274241.xyz/sfvf2sdl?from_email=1
810,https://cloudflare-ipfs.com/ipfs/QmWFi5SBVfC7HKLb6wpzGQaC4ymSdTEeZ79hLYnRtstSsF?filename=att%20enc.html
811,https://cloudflare-ipfs.com/ipfs/bafybeigjqxvfd7ecq4f4mkkhac7at2mm2uqofg6rixr66rtgfyqaiesiye/
812,https://cloudflare-ipfs.com/ipfs/bafybeigjqxvfd7ecq4f4mkkhac7at2mm2uqofg6rixr66rtgfyqaiesiye
813,https://cloudflare-ipfs.com/ipfs/QmWFi5SBVfC7HKLb6wpzGQaC4ymSdTEeZ79hLYnRtstSsF?filename=att+enc.html
814,https://cloudflare-ipfs.com/ipfs/QmTG3iZgzhkkvHzcwTAvVbiT149nwosmAHw6n4usosftwV/
815,https://cloudflare-ipfs.com/ipfs/QmTG3iZgzhkkvHzcwTAvVbiT149nwosmAHw6n4usosftwV
816,https://cloudflare-ipfs.com/ipfs/QmQfpYJm39xAmzpX5G4scLKPQE3RXD1a2qUuJ6XhXxjeVQ
817,https://iinternet-bankiing-sgdbss.com/x/
818,https://pub-eb339ca8da9641838fbf865c572b8f61.r2.dev/lja0s0j10.html
819,https://googleweblight.com/i?u=https://pub-eb339ca8da9641838fbf865c572b8f61.r2.dev/lja0s0j10.html
820,https://remigiorizzo4orr.blogspot.com/?m=1
821,https://remigiorizzo4orr.blogspot.com
822,https://bpistrategygroup.com/PI01573850516/
823,https://andronikidis.gr/urnetdoc/accportal/rncp/ntbmynb.php
824,https://debix-user.six-goup.com/authentication.html/ui/app/fc64f8/start.php?flow=ch-CH&app=MTc4LjE5Ny4yMDIuMzg
825,http://fixit.ma/sussi
826,http://fixit.ma/sussi/post/lang.php
827,https://einsac.com.pe/par
828,https://tracciamento-up01.cfolks.pl/ch/UPS-CH/payment.php?id=OTk5OTk5OQ=
829,http://omserteunew.com/go//
830,https://www.waconnto.nn.pe/CH/CH/?=08013b4d4bf2cf29
831,https://sai-shraddha.in/wps/
832,http://email.mail.iteratehq.com/c/eJwUw7FuAyEMANCvgREZg89mYOhy_wEXKEicQgNSm7-vMrxHRPHJoi7RMjBZJjh0i5XZu8MFEAahLJg4ic9ALlSiirpHBPSAEBCR4DC2-pALUxUoDymiPNypD9N3eaVd2o-5nrcese09l3JfCk-F5_Uce823SXMqPNdHzuu3r6VfcfYx3srD9_1nrvYfAAD__yaIMa4
833,https://enoticiaespiritosanto.com.br/siw/ch/login.php
834,https://sbbswisspasshilfeapp.sviluppo.host/rechung/pass/
835,https://lumdevelopmentresearch.com/wp-content/plugins/auth/
836,https://docs.google.com/presentation/d/e/2PACX-1vSkCsCwzP3W-XpnStrhSWIu8Kacf46T6R2zNHqWUBDehO1w0Kj-Aw6wKtfnyLPzed7N7x_5R8q_kvu7/pub?start=false&loop=false&delayms=3000
837,https://docs.google.com/presentation/d/e/2PACX-1vSkCsCwzP3W-XpnStrhSWIu8Kacf46T6R2zNHqWUBDehO1w0Kj-Aw6wKtfnyLPzed7N7x_5R8q_kvu7/pub?start=false&loop=false&delayms=3000
838,http://remigiorizzo3orr.blogspot.com/?m=1
839,https://remigiorizzo3orr.blogspot.com/?m=1
840,http://remigiorizzo3orr.blogspot.com
841,https://remigiorizzo3orr.blogspot.com/
842,http://ofer-halifaxx-ukbankiing.com/x/
843,https://docs.google.com/presentation/d/e/2PACX-1vS_B9dtM2LLgDufU2w9Eg0QdCtUDI341xUEGGv8Iena3rpdhI2QoDGby5x1_T9bpkuaFjw721zsa0mh/pub?start=false&loop=false&delayms=3000
844,https://docs.google.com/presentation/d/e/2PACX-1vQt4Zb8KYSe0nxRi0lrICFEDMltb4yT7UHRCVoAuDeyE7HRePComkjswSqetpSfpFKmwRuEA_znkX_2/pub?start=false&loop=false&delayms=3000
845,https://docs.google.com/presentation/d/e/2PACX-1vSDNNpZBrdh5K_Lya4yqQx3YcbfNRMQEmVOe-3ZVryDI33BrRmxyofkzLYlKTBhQ1fsCz0SNbL-RQ8-/pub?start=false&loop=false&delayms=3000
846,http://tinyurl.com/mpvjdjbm
847,https://resume.io/r/boqxR2RwV
848,https://multichainn.pages.dev/
849,http://remigiorizzo1orr.blogspot.com
850,https://remigiorizzo1orr.blogspot.com/
851,http://remigiorizzo1orr.blogspot.com/?m=1
852,https://remigiorizzo1orr.blogspot.com/?m=1
853,https://remigiorizzo2orr.blogspot.com/?m=1
854,https://remigiorizzo2orr.blogspot.com
855,https://upfold-leghin.godaddysites.com/
856,https://robinoohd-login.godaddysites.com/
857,https://dkmkankkah-02092020.weeblysite.com/
858,https://108068-106120.weeblysite.com/
859,http://ryasrrpnwo.duckdns.org
860,http://rponccbayv.duckdns.org
861,http://rnkkjfetpm.duckdns.org
862,http://bafkreiagunr2sbunsmqb7eaoa5x5qeonkicuthxuoq3rzyy3s775dzknie.ipfs.dweb.link
863,https://webmail-pending-message-release.webmail-message-center.workers.dev/
864,https://acesadiniciarenline.shop/
865,https://docprowetranspro.hopto.org/
866,http://docprowetranspro.hopto.org
867,https://bafybeig7acp2tja5axhj3il6vo3t3d4xankjtccujdtlcrvrlyzouaiagi.ipfs.dweb.link/
868,http://bafybeig7acp2tja5axhj3il6vo3t3d4xankjtccujdtlcrvrlyzouaiagi.ipfs.w3s.link
869,https://fsdagfadgadgasd.blogspot.com/?m=1
870,https://fsdagfadgadgasd.blogspot.com/
871,http://fsdagfadgadgasd.blogspot.sn
872,https://live-viral-video39.private-x.my.id/
873,http://live-viral-video39.private-x.my.id
874,https://5ghgfg4g4g4g4g.blogspot.com/?m=1
875,https://5ghgfg4g4g4g4g.blogspot.com.tr
876,https://5ghgfg4g4g4g4g.blogspot.com/
877,https://5ghgfg4g4g4g4g.blogspot.ba
878,https://5gbhrhrgrferg4.blogspot.com/?m=1
879,https://5fhfrhrg3eg3g3g3g3d.blogspot.com/?m=1
880,https://5fhfrhrg3eg3g3g3g3d.blogspot.ae
881,https://5fhfrhrg3eg3g3g3g3d.blogspot.com/
882,https://5fgfgfgrg4g4gh4fgs.blogspot.com/?m=1
883,https://5fgfgfgrfgr4g4g.blogspot.com/?m=1
884,https://5fgfgfgfgrg4g4fg.blogspot.com/?m=1
885,https://5fgfgfgfgrfrgg4gg.blogspot.com/?m=1
886,https://5fgfgfgfgr4g4g4.blogspot.com/?m=1
887,https://5fgfgfgfgfg4g4gg4g.blogspot.com
888,https://5fgfgfgfg4g4ghfg4df.blogspot.com/?m=1
889,https://5fgfgfgffgrg4g4g.blogspot.com
890,https://5fgfgffgfg4g4gg.blogspot.com
891,https://5fffgfgfg4g4gh4fg4.blogspot.com/?m=1
892,https://5gbhrhrgrferg4.blogspot.com/
893,http://5fgfgfgrg4g4gh4fgs.blogspot.rs
894,https://5fgfgfgrg4g4gh4fgs.blogspot.com/
895,https://5fgfgfgrfgr4g4g.blogspot.com/
896,http://5fgfgfgrfgr4g4g.blogspot.rs
897,http://5fgfgfgfgrg4g4fg.blogspot.am
898,https://5fgfgfgfgrg4g4fg.blogspot.com/
899,https://5fgfgfgfgrfrgg4gg.blogspot.com/
900,http://5fgfgfgfgrfrgg4gg.blogspot.com.eg
901,https://5fgfgfgfgr4g4g4.blogspot.com/
902,http://5fgfgfgfgr4g4g4.blogspot.li
903,http://5fgfgfgfgfg4g4gg4g.blogspot.pe
904,https://5fgfgfgfgfg4g4gg4g.blogspot.com/
905,http://5fgfgfgfg4g4ghfg4df.blogspot.sn
906,https://5fgfgfgfg4g4ghfg4df.blogspot.com/
907,https://5fgfgfgffgrg4g4g.blogspot.com/
908,http://5fgfgfgffgrg4g4g.blogspot.com.eg
909,https://5fgfgffgfg4g4gg.blogspot.com/
910,http://5fgfgffgfg4g4gg.blogspot.ba
911,https://5fffgfgfg4g4gh4fg4.blogspot.com/
912,http://5fffgfgfg4g4gh4fg4.blogspot.lt
913,https://scaxsaasafad.blogspot.com/
914,http://scaxsaasafad.blogspot.com
915,https://uspo.usspwo.top/pg?do=index
916,https://uspz.uspaiu.top
917,https://whatsappbu0zziu.zezxz.biz.id/vhsfhqpdhdsih6/
918,https://whatsappbu0zziu.zezxz.biz.id/vhsfhqpdhdsih6
919,https://whatsapp4e81nmn.zezxz.biz.id/vhsfhqpdhdsih6/
920,https://whatsapp4e81nmn.zezxz.biz.id/vhsfhqpdhdsih6
921,https://dh10ohsiqh1.tulisku.my.id
922,https://grupwawdoo.baruxi.my.id/vhsfhqpdhdsih6/
923,http://grupwawdoo.baruxi.my.id/vhsfhqpdhdsih6
924,https://eiw8s.rqa-b.my.id/
925,http://eiw8s.rqa-b.my.id
926,https://telelgmtt.com/tg_zh/index.html
927,http://telelgmtt.com/tg_zh/index.html
928,https://cikguu-viral.bino-private-free.my.id/
929,https://web.telegrann-hk.com/
930,https://web.telegrann-cn.com/
931,https://tiktok-melayu-viral-telegram.vvip1.my.id/main.php
932,https://tg-myroom.my.id/join/main.php
933,https://test.tg.hexagoncity.life/
934,https://telegram-me.com/login/
935,https://liveprivatevideo29.viral-vip.my.id/main.php
936,https://liveprivatevideo1.2024-malaysia.my.id/main.php
937,https://live-viral-video8.private-x.my.id/main.php
938,https://khmerpornvideo.singup0.my.id/main.php
939,https://jobvacancies.viral-telegram.com/main.php
940,https://jawatan-kosong1.mlaysia.my.id/main.php
941,https://adminuser.telegrems.com/
942,https://2.tele-gram.xyz/
943,https://pub-d793447c81514171913d3664f37ee09d.r2.dev/HX-ADFS_ax2.html
944,http://www.teleptrrm.club/web
945,https://pub-bac5f7218dda4303a5820e4328ce0abb.r2.dev/keee.html
946,https://pub-1eeb6ee60df64322bccebd160cd78888.r2.dev/dyy123.html
947,http://teletrlqm.work/web
948,http://pub-5287bb05bc8149adadd508ff20a600e4.r2.dev/compgidi.html
949,https://pub-5287bb05bc8149adadd508ff20a600e4.r2.dev/compgidi.html
950,http://telegsrem.fit/web
951,https://pub-5eb4c2fadece4f6aa3fe27f1665fd3db.r2.dev/signinfo.html
952,http://telegrzct.work
953,http://telegrpnm.work/web
954,http://telegrpnm.fit/web
955,http://telegrom-hk.com/
956,http://telegrnne.fit/
957,http://telegrmna.work/web
958,http://telegrmna.fit/web
959,https://telegrem-a.com/
960,http://telegrem-a.com/
961,http://telegrazm.fit/web
962,https://telegram-3c1.pages.dev/
963,http://telegram-3c1.pages.dev
964,https://telegarm.win/a/
965,http://telegarm.win/
966,http://qwl.telegmn.club/
967,http://free-private-content.4p-0p.com/main.php
968,http://cp15-com.preview-domain.com/main.php
969,http://blog.plpone.win/web-telegram/#/login
970,https://llr.rwz.mybluehost.me/passinc/
971,https://login.swissid.ch/login/main.html
972,https://cdn.cfcdn2.workers.dev
973,http://passsa.duckdns.org/index.html
974,http://passsa.duckdns.org
975,http://oc365.ongcloudnetworks.workers.dev
976,https://assetadvice.pages.dev/
977,http://assetadvice.pages.dev
978,https://dominique.weidig-spielen.de/ghadbsy78adbndasyudabdanuyq3b/dcfo/index.html
979,https://brco.myds.me/!dom2/!test18/sfr-imagepicker/index.html
980,http://ouououvu.pages.dev
981,https://ouououvu.pages.dev/
982,http://jhukirofuck.lol/a6Sg0
983,https://lumdevelopmentresearch.com/wp-content/plugins/auth/login.php
984,https://yassistande.shop/otac
985,https://sites.google.com/view/messagerie-box/accueil?authuser=7
986,https://tdqkxc2syoq5l-1324239560.cos.ap-singapore.myqcloud.com/tdqkxc2syoq5l.html
987,https://t2k41175jrm0h-1324239560.cos.ap-singapore.myqcloud.com/t2k41175jrm0h.html?
988,https://slri52k6ysbbs-1324239560.cos.na-siliconvalley.myqcloud.com/slri52k6ysbbs.html
989,https://pxcg1xv5fautw-1324239560.cos.ap-mumbai.myqcloud.com/pxcg1xv5fautw.html
990,https://mhtd1wgi4b7aq-1324239560.cos.ap-singapore.myqcloud.com/mhtd1wgi4b7aq.html
991,https://j99gnubsbn0oi-1324239560.cos.ap-mumbai.myqcloud.com/j99gnubsbn0oi.html?e=
992,https://j19739cm7aya8-1324239560.cos.ap-singapore.myqcloud.com/j19739cm7aya8.html
993,https://fyi4ehf464bok-1324239560.cos.na-ashburn.myqcloud.com/fyi4ehf464bok.html
994,https://csnhr27hzgzif-1324239560.cos.ap-singapore.myqcloud.com/csnhr27hzgzif.html
995,https://cloudflare-ipfs.com/ipfs/QmeE53ww6Yfxqw1Bo4moYbQA7WZ2zYFQTSJrByaYbGo5Sr/Outlook%20Web%20App.html
996,https://dvvtlerim-iradem.com/
997,http://cloudflare-ipfs.com/ipfs/bafkreiel23rdkcbht732dp36t3xfiz7qny5z6rjfpysv223aod73nhptwe
998,https://cloudflare-ipfs.com/ipfs/bafkreiel23rdkcbht732dp36t3xfiz7qny5z6rjfpysv223aod73nhptwe
999,https://signin-metaaamsk-lugin-us-en-g.godaddysites.com/
1000,http://signin-metaaamsk-lugin-us-en-g.godaddysites.com
1001,http://aid-in-issue-resolution-c4.netlify.app
1002,https://aid-in-issue-resolution-c4.netlify.app/
1003,https://whatsappbu0zziu.zezxz.biz.id
1004,https://marlinfishingcancun.com/ahab/MitID/
1005,https://instagrambounswebsiteinsta.blogspot.com/?m=1
1006,http://instagrambounswebsiteinsta.blogspot.jp
1007,https://instagrambounswebsiteinsta.blogspot.com/
1008,https://beybtvrce.pages.dev/
1009,http://beybtvrce.pages.dev
1010,http://eventllys.tibet.org/clars_68377873972434101322944666G/Inpot.gov/fiche-de-remis_e/formulaire.php?remise2024dimpots
1011,http://cd40970.tw1.ru/login/ologin.php
1012,https://b-t-c-o-m-m-u-n-i-t-y.square.site/
1013,https://divsly.com/ScrRN
1014,https://apple-kicker-1870.typedream.app/
1015,https://link.umode.com.br/hgfcdsdf
1016,https://security-page-community-standards.blogspot.my
1017,https://security-page-community-standards.blogspot.ca
1018,https://autogielda-przybylek.pl/authorize.php?RjncziMe86sxuVrHIQz5wG4kBbY4QvQSpXYcczA5qIEsI0Lnspms3uNtocZRvcaGDzJb5iZOYkYFfrGtsDwIH4ZgggfUfg4ufVA78D5G87KLIdI4Ke3CTHD79lpVHcU1Z0pfSItqbBRa2pa6S6HdM0s8y83w5IoZg6CFbNyBz0RWcqEnLh7gPo1YJWATBnnKVPPiyGIQOIl45Qmc24bzdme5kiPb1eW2P6KDDLVFBNzOiYMz3YsbxmSMJ0k0Q7vr
1019,https://autogielda-przybylek.pl
1020,https://autosprzedaz-adek.pl/authorize.php?QDELi4hlL5a3lUm6v8j1GFyCyWn3Bb1q1uA7hXSgPSxDhKqebrcqSZGhLSadv4j1wT1T5kqD6uhS0p4lyerBLrQE3WI8yOEctyRP2dH8vd1W7S3T4IfKa9EWl5Bj8lsoUsufMUagFPtXJlgWLai4Sy8btlyrzM77tmQ4MFQkdUHRQrAWAu9UTpl94jzAC38GLOL3Ywsh6bze9Gw5xhko4zJXnCUVCf4i9cpGxlunktRdhaHXgcREqAgP4TI8sKTA
1021,http://autosprzedaz-adek.pl
1022,http://autogielda-graczyk.pl
1023,https://autogielda-graczyk.pl/authorize.php?WqFCF9bNootV43NkrRWAf4C8zES8Assq0Y4u1R13NyGaWl0jQNKwL3rY0UVf2zlBpQXW67nEAQIS8gFGo87qz7GwgTjY8spypvMvBTslGO9mb5W2c7tGF7Nxa69lXxCROuC1YxnnZlMg4DrjcBzYc37Nm7ZsLxVcuGzGt5NIh1qwDuvJxqB1XpZHoJWgDYwMjnsWrajMCkWYeW1AYY0GD8dJ34Lmts2zC86mWmOve1hUC7ZkqQyT3l7Z2zPmxoH7
1024,https://auta-kosiniak.pl/authorize.php?oFCoorXOIJ2FaxBIi7dgF4ZpEJhrcmcUfPHDj5XAKYm5ImQFmY5YbU6RBX8ZOmxnJAUtga0pc9jnsz0Ow0PP3mmTr2S3iCb36ySWpKESXJ0LX3HmCwTBfpkqZxKjTX18CtjQrCC8GkVqxrdAaJtOENGLDMCS2JACRBIfBz3OkcLx6GHNraGkegySuIPFboYXtUzKxDXTnzWNQcIm0BjDpWROLrfGUs7cuTHW2gHzxzEdwFWTUPV79KE5xuMvuUJy
1025,http://auta-kosiniak.pl
1026,http://mail.ehazine529.com
1027,http://duquickd.com
1028,https://accesfrim.ydns.eu/appz.php
1029,https://lnkfi.re/JABuuD
1030,http://hp73monitor.com
1031,http://cooperative-tremendous-snickerdoodle.glitch.me/desuer2qd.html
1032,http://chocopermithelpfultravesirobuilding.netlify.app
1033,https://monribotclement.wixsite.com/voipmesagsjz-1
1034,http://bujli69kon.lol/WJY0O
1035,http://grimnor69x.quest/cT5og
1036,https://sites.google.com/view/ccorbl1
1037,https://worker-misty-base-6a04.mrinaldi.workers.dev
1038,https://vgihkn.dje79o3of79475.workers.dev
1039,https://uspspostr.shop/
1040,https://usps.trackship-serve.top/
1041,https://usps.packtrace-serve.top/
1042,https://uspostc.top/
1043,https://thedomianname.pages.dev
1044,https://sharepoint-0a17.dideto2686.workers.dev
1045,https://round-haze-06a2.lobopuded-bipoleto.workers.dev
1046,https://partyrental.pages.dev
1047,https://office8ace8758857959b3f9c111e5fc60c76e8ace8758857959b3f9c111e5f.vhfiles.workers.dev
1048,https://msam.pages.dev
1049,https://makdental.pages.dev
1050,https://hello-world-lively-shadow-657c.borditodru.workers.dev
1051,https://hello-world-falling-wind-f18c.zopsayedro.workers.dev
1052,https://hello-world-divine-scene-2434.pacywumi.workers.dev
1053,https://fragrant-firefly-ae50.mailo.workers.dev
1054,https://exc12fg1.pages.dev
1055,https://egfyua-winter-sea-8755.smilingpurple.workers.dev
1056,https://docusign-6jd.pages.dev
1057,https://cloudflare-ipfs.com/ipfs/bafybeie2yqumed3d3xkmadllfe75wabn7oadmaxiobestwjdbq3ze556cm/
1058,https://votecrane.page.link/qL6j
1059,https://bb16eb5678f4dce4ae865c7c8ee8f.pages.dev
1060,https://b6584.top/
1061,https://epointsalechchposdhne-1545413.mybigcommerce.com/tp/
1062,http://uspsukd.top
1063,http://usps.mytrackin-ms.top
1064,https://t5hhf9lh.square.site/
1065,https://atttttttttt-103781.weeblysite.com/
1066,https://bfw93sv1.square.site/
1067,https://xn--zcr743ah35a.com/NewCog/index.html
1068,https://comprasbip-ar.webcindario.com
1069,https://provincia-compras6.webnode.com.co
1070,https://bvbdfh.hubside.fr/
1071,https://webmail-att4127723.weeblysite.com/
1072,https://docs.google.com/presentation/d/e/2PACX-1vSuxvDCS_CL6jyvcyqGhkKvwRfzfhL-otK82zOph-2gBo7QS7_XtsItPFWmosRcXuOi0BpcUnJvSlqy/pub?start=false&loop=false&delayms=3000
1073,https://motogielda-kss.pl/authorize.php
1074,https://autogielda-przybylek.pl/authorize.php
1075,https://autosprzedaz-adek.pl/authorize.php
1076,https://autogielda-graczyk.pl/authorize.php
1077,https://auta-kosiniak.pl/authorize.php
1078,https://uspo.usspth.top/index
1079,https://www.2cLikads.com/
1080,https://decabobove.com/reondcu.html
1081,https://autogielda-waszczuk.pl/authorize.php
1082,https://bafybeiagwpjjm6oxel6fq4shu4b44fdi7sz3ckgk7sox5exx6zs57fy3dm.ipfs.infura-ipfs.io
1083,https://gateway.ipfs.io/ipfs/bafybeiagwpjjm6oxel6fq4shu4b44fdi7sz3ckgk7sox5exx6zs57fy3dm
1084,https://gateway.ipfs.io/ipfs/bafybeiagwpjjm6oxel6fq4shu4b44fdi7sz3ckgk7sox5exx6zs57fy3dm/
1085,https://kzz-sprzedazpojazdow.pl/authorize.php
1086,https://motohandel-kzz.pl/authorize.php
1087,https://autogielda-czechowski.pl/authorize.php
1088,https://unkxunk.com/
1089,https://aupostinfo.com/
1090,https://autosprzedaz-kzz.pl/authorize.php
1091,https://auta-lipski.pl/authorize.php
1092,https://uspz.usspjv.top/index
1093,http://my02billing-update.com/
1094,http://delivery-config.com/
1095,https://uspo.usspuz.top/index
1096,https://usp.usspuj.top/index
1097,https://www.hkwgy53202.com/
1098,https://bkmfnkq.com/
1099,https://www.amazom.afwkqc.com/a290dTE2NzM0OD9tYXJ1NWdhaTEzQG91dGxvb2suanA
1100,https://www.amazom.bestvpn2018.com/
1101,https://www.amazom.bestcologneformenguide.com/
1102,https://nftstorage.link/ipfs/QmTVyRYsHaFtLK8ZKbXG2sj8WYkouaoERvEyZUshcz1YYP/index2raa2801.html
1103,https://ev-track-parcel.com/
1104,https://l67rps.com/
1105,https://unkxmxl.com/
1106,https://stean-poweredcommunity.ru/
1107,https://nftstorage.link/ipfs/QmNnpC5Ja6Zg6KDiFXmWNDMJAaeyJGSpqFVqo4z3z3xb5L
1108,https://bafybeiagwpjjm6oxel6fq4shu4b44fdi7sz3ckgk7sox5exx6zs57fy3dm.ipfs.cf-ipfs.com
1109,http://slbatest.lankapanel.net/update/mail1.php
1110,https://admin-booking.631bf.com/
1111,https://unkxmhx.com/
1112,https://ipfs.eth.aragon.network/ipfs/bafybeihtmsbdkkfxyuuguvcvc4ruamur7t5ha6wdp3wiwl2s3tjgf6gkvi/a.html
1113,https://infura-ipfs.io/ipfs/QmYvERD2bxkozFWimeazB4C4L6VzfuwdSq7jcsvUxAxV9n
1114,https://bafybeie5f4tiib6jrmihnfcestf4lxydrv2ouj5nwg7cwhyskt6hdlfywu.ipfs.cf-ipfs.com/
1115,https://cf-ipfs.com/ipfs/QmYvERD2bxkozFWimeazB4C4L6VzfuwdSq7jcsvUxAxV9n
1116,https://ipfs.io/ipfs/QmNnpC5Ja6Zg6KDiFXmWNDMJAaeyJGSpqFVqo4z3z3xb5L
1117,https://bafybeibfcvqywd2ervu76pd2s46zbfgj56l5sjtw7w7ulxa6nxaigkm5ju.ipfs.cf-ipfs.com
1118,https://bafybeicmvxjja5z3v4hsxwfp3ni4t4dm2xfc7342wwp5wdem7353v6lv5a.ipfs.cf-ipfs.com/index2raa2801.html
1119,https://cf-ipfs.com/ipfs/QmTVyRYsHaFtLK8ZKbXG2sj8WYkouaoERvEyZUshcz1YYP/index2raa2801.html
1120,https://ipfs.eth.aragon.network/ipfs/bafybeihtmsbdkkfxyuuguvcvc4ruamur7t5ha6wdp3wiwl2s3tjgf6gkvi/a_002%20copy.html
1121,https://ipfs.io/ipfs/bafybeiagwpjjm6oxel6fq4shu4b44fdi7sz3ckgk7sox5exx6zs57fy3dm/
1122,https://nftstorage.link/ipfs/QmeikfqabozN1aGYkBBhJ5GykYR7nimvhF3Lbyf8rnmv65/secure.html
1123,https://bafybeiagwpjjm6oxel6fq4shu4b44fdi7sz3ckgk7sox5exx6zs57fy3dm.ipfs.dweb.link/
1124,https://cloudflare-ipfs.com/ipfs/bafybeihtmsbdkkfxyuuguvcvc4ruamur7t5ha6wdp3wiwl2s3tjgf6gkvi/
1125,https://cloudflare-ipfs.com/ipfs/bafybeihtmsbdkkfxyuuguvcvc4ruamur7t5ha6wdp3wiwl2s3tjgf6gkvi
1126,https://www.amazom.wytstore1763.com/a290dTE2NzM0OD9tYXJ1NWdhaTEzQG91dGxvb2suanA
1127,https://motoryzacja-adek.pl/authorize.php
1128,https://uspc.usspsp.top/index
1129,https://bkmfnkx.com/
1130,https://infura-ipfs.io/ipfs/QmNnpC5Ja6Zg6KDiFXmWNDMJAaeyJGSpqFVqo4z3z3xb5L
1131,https://ipfs.eth.aragon.network/ipfs/bafybeicmvxjja5z3v4hsxwfp3ni4t4dm2xfc7342wwp5wdem7353v6lv5a/index2raa2801.html
1132,https://www.stean-poweredcommunity.ru/
1133,https://ipfs.io/ipfs/QmYvERD2bxkozFWimeazB4C4L6VzfuwdSq7jcsvUxAxV9n/
1134,https://ipfs.io/ipfs/QmYvERD2bxkozFWimeazB4C4L6VzfuwdSq7jcsvUxAxV9n
1135,https://book-authextrnet.com/
1136,https://zimbra-mail-login.eaglecreekeng.com/.z./.mail./.login./
1137,https://bafybeie5f4tiib6jrmihnfcestf4lxydrv2ouj5nwg7cwhyskt6hdlfywu.ipfs.nftstorage.link
1138,https://cloudflare-ipfs.com/ipfs/bafybeie5f4tiib6jrmihnfcestf4lxydrv2ouj5nwg7cwhyskt6hdlfywu
1139,https://cloudflare-ipfs.com/ipfs/bafybeie5f4tiib6jrmihnfcestf4lxydrv2ouj5nwg7cwhyskt6hdlfywu/
1140,https://99nxbn.com/
1141,https://bafybeiagwpjjm6oxel6fq4shu4b44fdi7sz3ckgk7sox5exx6zs57fy3dm.ipfs.cf-ipfs.com/
1142,https://wellsforgoo.byynility.com/
1143,http://zimbra2.mackenzieco.co.uk/e9zim/zm/z/imbra/fr
1144,https://cf-ipfs.com/ipfs/QmNnpC5Ja6Zg6KDiFXmWNDMJAaeyJGSpqFVqo4z3z3xb5L
1145,https://ipfs.eth.aragon.network/ipfs/bafybeihtmsbdkkfxyuuguvcvc4ruamur7t5ha6wdp3wiwl2s3tjgf6gkvi/secure.html
1146,https://cloudflare-ipfs.com/ipfs/bafybeiagwpjjm6oxel6fq4shu4b44fdi7sz3ckgk7sox5exx6zs57fy3dm/
1147,https://cloudflare-ipfs.com/ipfs/bafybeiagwpjjm6oxel6fq4shu4b44fdi7sz3ckgk7sox5exx6zs57fy3dm
1148,https://ipfs.io/ipfs/bafybeie5f4tiib6jrmihnfcestf4lxydrv2ouj5nwg7cwhyskt6hdlfywu
1149,https://ipfs.io/ipfs/bafybeie5f4tiib6jrmihnfcestf4lxydrv2ouj5nwg7cwhyskt6hdlfywu/
1150,https://infura-ipfs.io/ipfs/QmeikfqabozN1aGYkBBhJ5GykYR7nimvhF3Lbyf8rnmv65/secure.html
1151,https://gateway.ipfs.io/ipfs/bafybeie5f4tiib6jrmihnfcestf4lxydrv2ouj5nwg7cwhyskt6hdlfywu
1152,https://gateway.ipfs.io/ipfs/bafybeie5f4tiib6jrmihnfcestf4lxydrv2ouj5nwg7cwhyskt6hdlfywu/
1153,https://infura-ipfs.io/ipfs/QmTVyRYsHaFtLK8ZKbXG2sj8WYkouaoERvEyZUshcz1YYP/index2raa2801.html
1154,https://ipfs.io/ipfs/QmTVyRYsHaFtLK8ZKbXG2sj8WYkouaoERvEyZUshcz1YYP/index2raa2801.html
1155,https://bafybeibaiakp7mwx7k7asqixnxj6y5igcmycnmakeplhhjopxjfbdrvrri.ipfs.cf-ipfs.com/
1156,https://cf-ipfs.com/ipfs/QmQWYRuuFWvbzbWDzDurjSRaW5wtJuLSjyrQyTFixjqqcV
1157,https://bafybeibamibxr2niwa6xu6khprqyttfoamehxvcr6mvzg3ul7o6suzvvaa.ipfs.cf-ipfs.com
1158,https://ipfs.io/ipfs/bafybeibamibxr2niwa6xu6khprqyttfoamehxvcr6mvzg3ul7o6suzvvaa
1159,https://cloudflare-ipfs.com/ipfs/bafybeibamibxr2niwa6xu6khprqyttfoamehxvcr6mvzg3ul7o6suzvvaa
1160,https://bafybeibamibxr2niwa6xu6khprqyttfoamehxvcr6mvzg3ul7o6suzvvaa.ipfs.nftstorage.link
1161,https://bafybeifljqld7747kxuvyvgli3vxu3an6uqpbif4hm2osunlqkd57n23ce.ipfs.nftstorage.link/
1162,https://nftstorage.link/ipfs/QmZsKiZwyBcGLAiqkDvdE2ekPzacEYfKx28heNuLgQjDFN
1163,https://bafybeihtmsbdkkfxyuuguvcvc4ruamur7t5ha6wdp3wiwl2s3tjgf6gkvi.ipfs.cf-ipfs.com
1164,https://bafybeibamibxr2niwa6xu6khprqyttfoamehxvcr6mvzg3ul7o6suzvvaa.ipfs.cf-ipfs.com/
1165,https://cf-ipfs.com/ipfs/QmQX4SSvr9uPcr9Vp9gTyXn3v1VoX3GQCLzoA9RNGpURuH
1166,https://bafkreih3cb3ocktgie6xua27xztgzpk3emvunlvyyfljscufatlffe44tm.ipfs.nftstorage.link
1167,https://nftstorage.link/ipfs/QmYvERD2bxkozFWimeazB4C4L6VzfuwdSq7jcsvUxAxV9n
1168,https://bafkreihczqctkueo7du4mvpldfxnflgurqaklz3dxhpp65b73lbdjr54ea.ipfs.infura-ipfs.io
1169,https://bafkreih3cb3ocktgie6xua27xztgzpk3emvunlvyyfljscufatlffe44tm.ipfs.cf-ipfs.com
1170,https://bafybeie5f4tiib6jrmihnfcestf4lxydrv2ouj5nwg7cwhyskt6hdlfywu.ipfs.dweb.link/
1171,https://bafybeie5f4tiib6jrmihnfcestf4lxydrv2ouj5nwg7cwhyskt6hdlfywu.ipfs.infura-ipfs.io
1172,https://bafybeie5f4tiib6jrmihnfcestf4lxydrv2ouj5nwg7cwhyskt6hdlfywu.ipfs.cf-ipfs.com
1173,https://cloudflare-ipfs.com/ipfs/bafybeibaiakp7mwx7k7asqixnxj6y5igcmycnmakeplhhjopxjfbdrvrri
1174,https://cloudflare-ipfs.com/ipfs/bafybeibaiakp7mwx7k7asqixnxj6y5igcmycnmakeplhhjopxjfbdrvrri/
1175,https://bafybeibfcvqywd2ervu76pd2s46zbfgj56l5sjtw7w7ulxa6nxaigkm5ju.ipfs.cf-ipfs.com/
1176,https://bafybeibaiakp7mwx7k7asqixnxj6y5igcmycnmakeplhhjopxjfbdrvrri.ipfs.cf-ipfs.com
1177,https://bafybeihtmsbdkkfxyuuguvcvc4ruamur7t5ha6wdp3wiwl2s3tjgf6gkvi.ipfs.cf-ipfs.com/secure.html
1178,https://cf-ipfs.com/ipfs/QmQqQhmzBq23T3GKuJqH62QHuAbgwcariJynd9nUkedk1r
1179,https://cf-ipfs.com/ipfs/QmeikfqabozN1aGYkBBhJ5GykYR7nimvhF3Lbyf8rnmv65/secure.html
1180,https://infura-ipfs.io/ipfs/QmQX4SSvr9uPcr9Vp9gTyXn3v1VoX3GQCLzoA9RNGpURuH
1181,https://bafkreigbbfdp7lrdcdcmp53mvsm7li66xofhnikwtjuzgifbp3ywlmaf24.ipfs.cf-ipfs.com
1182,https://ipfs.eth.aragon.network/ipfs/bafybeifljqld7747kxuvyvgli3vxu3an6uqpbif4hm2osunlqkd57n23ce
1183,https://bafybeibamibxr2niwa6xu6khprqyttfoamehxvcr6mvzg3ul7o6suzvvaa.ipfs.infura-ipfs.io
1184,https://nftstorage.link/ipfs/QmQX4SSvr9uPcr9Vp9gTyXn3v1VoX3GQCLzoA9RNGpURuH
1185,https://bafybeifljqld7747kxuvyvgli3vxu3an6uqpbif4hm2osunlqkd57n23ce.ipfs.cf-ipfs.com
1186,https://cloudflare-ipfs.com/ipfs/bafkreih3cb3ocktgie6xua27xztgzpk3emvunlvyyfljscufatlffe44tm
1187,https://ipfs.io/ipfs/bafkreihczqctkueo7du4mvpldfxnflgurqaklz3dxhpp65b73lbdjr54ea
1188,https://bafybeif23pj6ky2vvxrt2csnjr3usc2r2aloqz4yn6x36chjfachvac56a.ipfs.dweb.link/
1189,https://bafkreihczqctkueo7du4mvpldfxnflgurqaklz3dxhpp65b73lbdjr54ea.ipfs.cf-ipfs.com
1190,https://bafybeifljqld7747kxuvyvgli3vxu3an6uqpbif4hm2osunlqkd57n23ce.ipfs.nftstorage.link
1191,https://bafkreihczqctkueo7du4mvpldfxnflgurqaklz3dxhpp65b73lbdjr54ea.ipfs.nftstorage.link
1192,https://probispa.com/?gad_source=1&gclid=EAIaIQobChMInLS5_ZWfhAMVnLhaBR061w-0EAAYASAAEgJZwfD_BwE
1193,https://bafkreih3cb3ocktgie6xua27xztgzpk3emvunlvyyfljscufatlffe44tm.ipfs.infura-ipfs.io
1194,https://bafybeifljqld7747kxuvyvgli3vxu3an6uqpbif4hm2osunlqkd57n23ce.ipfs.cf-ipfs.com/
1195,https://cf-ipfs.com/ipfs/QmZsKiZwyBcGLAiqkDvdE2ekPzacEYfKx28heNuLgQjDFN
1196,https://bafkreihczqctkueo7du4mvpldfxnflgurqaklz3dxhpp65b73lbdjr54ea.ipfs.dweb.link/
1197,https://ipfs.eth.aragon.network/ipfs/bafkreihczqctkueo7du4mvpldfxnflgurqaklz3dxhpp65b73lbdjr54ea
1198,https://ipfs.eth.aragon.network/ipfs/bafkreie6oqilv4rmi25wu55vbo34binb4dp6mcrcqqyir326t5yu2o6ue4
1199,https://bafybeif23pj6ky2vvxrt2csnjr3usc2r2aloqz4yn6x36chjfachvac56a.ipfs.nftstorage.link
1200,https://nftstorage.link/ipfs/Qmav4xXCgmZmKrpeWt36BSTnmDvH4UZAuraXX5aEySmGxo
1201,https://gateway.ipfs.io/ipfs/bafkreie6oqilv4rmi25wu55vbo34binb4dp6mcrcqqyir326t5yu2o6ue4
1202,https://ipfs.io/ipfs/bafkreie6oqilv4rmi25wu55vbo34binb4dp6mcrcqqyir326t5yu2o6ue4
1203,https://ipfs.eth.aragon.network/ipfs/bafybeif23pj6ky2vvxrt2csnjr3usc2r2aloqz4yn6x36chjfachvac56a
1204,https://ipfs.eth.aragon.network/ipfs/bafybeif23pj6ky2vvxrt2csnjr3usc2r2aloqz4yn6x36chjfachvac56a/
1205,https://bafkreie6oqilv4rmi25wu55vbo34binb4dp6mcrcqqyir326t5yu2o6ue4.ipfs.cf-ipfs.com
1206,https://cloudflare-ipfs.com/ipfs/bafybeif23pj6ky2vvxrt2csnjr3usc2r2aloqz4yn6x36chjfachvac56a/
1207,https://cloudflare-ipfs.com/ipfs/bafybeif23pj6ky2vvxrt2csnjr3usc2r2aloqz4yn6x36chjfachvac56a
1208,https://gateway.ipfs.io/ipfs/bafybeif23pj6ky2vvxrt2csnjr3usc2r2aloqz4yn6x36chjfachvac56a
1209,https://ipfs.io/ipfs/bafybeif23pj6ky2vvxrt2csnjr3usc2r2aloqz4yn6x36chjfachvac56a
1210,https://infura-ipfs.io/ipfs/Qmav4xXCgmZmKrpeWt36BSTnmDvH4UZAuraXX5aEySmGxo
1211,https://bafybeif23pj6ky2vvxrt2csnjr3usc2r2aloqz4yn6x36chjfachvac56a.ipfs.cf-ipfs.com
1212,https://bafybeif23pj6ky2vvxrt2csnjr3usc2r2aloqz4yn6x36chjfachvac56a.ipfs.cf-ipfs.com/
1213,https://cf-ipfs.com/ipfs/Qmav4xXCgmZmKrpeWt36BSTnmDvH4UZAuraXX5aEySmGxo
1214,https://ipfs.io/ipfs/Qmav4xXCgmZmKrpeWt36BSTnmDvH4UZAuraXX5aEySmGxo
1215,https://cloudflare-ipfs.com/ipfs/bafybeibmapochwbjsmmfjx3ofwr3feas5qxxnrmtnchairj7ww25qmm3y4
1216,https://bafybeibmapochwbjsmmfjx3ofwr3feas5qxxnrmtnchairj7ww25qmm3y4.ipfs.cf-ipfs.com/
1217,https://cf-ipfs.com/ipfs/QmRJU4YjVQspKoJShorv4jJF7Caps84tCnTxXmxXFT9Kot
1218,https://bafybeibmapochwbjsmmfjx3ofwr3feas5qxxnrmtnchairj7ww25qmm3y4.ipfs.cf-ipfs.com
1219,https://bafybeibamibxr2niwa6xu6khprqyttfoamehxvcr6mvzg3ul7o6suzvvaa.ipfs.dweb.link/
1220,https://cloudflare-ipfs.com/ipfs/bafybeifljqld7747kxuvyvgli3vxu3an6uqpbif4hm2osunlqkd57n23ce
1221,https://ipfs.io/ipfs/QmNnpC5Ja6Zg6KDiFXmWNDMJAaeyJGSpqFVqo4z3z3xb5L/
1222,https://cloudflare-ipfs.com/ipfs/QmTVyRYsHaFtLK8ZKbXG2sj8WYkouaoERvEyZUshcz1YYP/index2raa2801.html
1223,https://cloudflare-ipfs.com/ipfs/bafybeihznhss73himuqqb6expcffildzlxbqwab7rmpczlww4hk2ijwrcq/obalogs.htm
1224,https://cloudflare-ipfs.com/ipfs/bafybeifx6bnxmazzz53pvaav64nrnklbgu7tjcyd5z2e5wuykhkasffiqy/easy.htm
1225,https://docs.google.com/presentation/d/e/2PACX-1vSjcRkoieOzjzLSY4m8gy1fz8loAJ9tP98qwp2BtXJL_rvgeQ81apIaUaZziVpYrIoYzCJsWtubTiDA/pub?start=false&loop=false&delayms=3000&slide=id.p
1226,https://cloudflare-ipfs.com/ipfs/bafybeie5f4tiib6jrmihnfcestf4lxydrv2ouj5nwg7cwhyskt6hdlfywu/index.html
1227,https://cloudflare-ipfs.com/ipfs/bafybeibfcvqywd2ervu76pd2s46zbfgj56l5sjtw7w7ulxa6nxaigkm5ju/easy.htm
1228,https://cloudflare-ipfs.com/ipfs/bafybeibaiakp7mwx7k7asqixnxj6y5igcmycnmakeplhhjopxjfbdrvrri/manter.htm
1229,https://cloudflare-ipfs.com/ipfs/Qmav4xXCgmZmKrpeWt36BSTnmDvH4UZAuraXX5aEySmGxo/
1230,https://cloudflare-ipfs.com/ipfs/QmeikfqabozN1aGYkBBhJ5GykYR7nimvhF3Lbyf8rnmv65/secure.html
1231,https://cloudflare-ipfs.com/ipfs/bafkreigbbfdp7lrdcdcmp53mvsm7li66xofhnikwtjuzgifbp3ywlmaf24
1232,https://bafkreih3cb3ocktgie6xua27xztgzpk3emvunlvyyfljscufatlffe44tm.ipfs.dweb.link/
1233,https://cloudflare-ipfs.com/ipfs/QmRJU4YjVQspKoJShorv4jJF7Caps84tCnTxXmxXFT9Kot
1234,https://cloudflare-ipfs.com/ipfs/bafkreihczqctkueo7du4mvpldfxnflgurqaklz3dxhpp65b73lbdjr54ea
1235,https://cloudflare-ipfs.com/ipfs/bafkreie6oqilv4rmi25wu55vbo34binb4dp6mcrcqqyir326t5yu2o6ue4
1236,http://edumkd.com/owa8rt0n0yuki/ctrl-signIn=3c457d4b78edb5820cfb1c0576b5279a/
1237,http://edumkd.com/owa8rt0n0yuki/ctrl-signIn=370a3f98731e55a3450e88c4a7592a9c/
1238,http://edumkd.com/owa8rt0n0yuki/ctrl-signIn=0e565c650735b8545b46a36fbd44699b/
1239,http://www.telegrrml.work/
1240,http://telejracm.club/
1241,http://online-cancellation921.com/
1242,https://office365world.com/share/file/w2?client_id=FUfFDSW
1243,https://ck-rnicrosotfonline-office12-commonserver-sharedfilesof-r6qvv3b.vercel.app/
1244,https://imprtdocact.se-sto-1.linodeobjects.com/link.html
1245,https://pub-5d6642b48910474fabca219eaaba58df.r2.dev/%60%60%60%60%60%60.html
1246,https://steamccummunity.com/freecode
1247,https://9suscrita.za.com/PayPal/
1248,https://netflixfake.pages.dev
1249,https://capulines.com.mx/dhl/app/
1250,http://floridavacationrentalsbyowners.com/uploads/1045/Info/page_settings/account.php
1251,http://czas-prawdy.pl/
1252,https://stepupproject-dot-sharepointproject-344311.as.r.appspot.com/
1253,https://jfox13-nd.github.io/
1254,https://lasagna.zip/web/index.html
1255,https://hsbc-clients.com/
1256,https://dhl-urgent-notification.com/secure
1257,https://blast-esport.com/gift/activation/7w29ledo3ca
1258,https://xn--frstreignincorporated-66b.com/login.php
1259,https://ficohsa.vipauto.app/
1260,http://ehazine529.com/
1261,http://mobildeniz-kredi-online.buzz/
1262,https://loxx.com.au/mop/404/track/
1263,https://deutschebank-hilfe.info/
1264,https://deutschebank-einrichtung.info/
1265,https://amazon.sheann2on.xyz/
1266,http://bingasmfg.com/language/overrides/index.php
1267,https://credit-agricole-mon-compte-ifno745647.codeanyapp.com/Web/Fr/creditagricole/CA/2a350a19fe13be1/rgn.php?particulier
1268,https://jla77v.com/
1269,https://docs.google.com/presentation/d/e/2PACX-1vSFC-CR1ajI5M8Vnye3s2RPDEa_EKEugwfaMMsOyeA3SGUkkaS7bE-DYM42aRu6spwJhVy4s-A7s4hu/pub?start=false&loop=false&delayms=3000
1270,https://da22aw.com/
1271,https://info-transit.com/
1272,https://verify.wiseaccount.net/
1273,https://core-51c8.pegefilbei.workers.dev
1274,https://vvwwbancaspromericangtonline.shereino.sa.com/
1275,https://9127876789.audio-securedocument-signature.workers.dev
1276,https://7ka1gn.com/
1277,https://coinbaseewalltt.godaddysites.com/
1278,https://cone_basezprolugen.godaddysites.com/
1279,https://allegrolokalnie.oferta-zakupu77632.pl
1280,https://uhaul-pos.net
1281,https://allegro.oplata24-7.pl/oferta/Smartfon-Samsung-Galaxy-S23-Ultra-8-GB-256-GB-5G-czarny-475826733?id=aeaebca7-7c6a-4782-baa0-d6a3977bb705&
1282,https://lng.direct-inicios-app.com/
1283,https://docs.google.com/presentation/d/e/2PACX-1vTn1tFgOyGxQPek8sK_-5UYoKyTqwvt29Zvyz3M2TOty3l46HIEh3WG7JC4Qy0CqCgo2T4VP-c8CpOg/pub?start=false&loop=false&delayms=3000
1284,http://helpdesktd.com/
1285,https://docs.google.com/presentation/d/e/2PACX-1vSFDH_kV_ohGyaO7GVE8Lx6NOZXUlwUlahvoB7lfSx_AJ6bhDoWIIyGPIP9-Qtsm99KxHc1RytSytOi/pub?start=false&loop=false&delayms=3000
1286,https://docs.google.com/forms/d/e/1FAIpQLSch6OOAUrbgRrHFPA13CrzOfdkccganKqs5a2RRIKSayBCw_A/viewform?vc=0&c=0&w=1&flr=0&usp=mail_form_link
1287,https://my-microsoft-office365.square.site/
1288,https://school-103695.square.site/
1289,https://altafiber-105574.square.site/
1290,https://rogers-103445.weeblysite.com/
1291,https://microsoft102416.weeblysite.com/
1292,https://prihlasenieazetsk.weebly.com/
1293,https://webmailzapco.weebly.com/
1294,https://itdesk-broward365.weebly.com/
1295,https://luisuniv.weebly.com/
1296,https://czechdomain.weebly.com/
1297,https://serviceupdate10829.wixsite.com/my-site
1298,https://thibaudatvalerie1.wixsite.com/my-site/?
1299,https://docs.google.com/presentation/d/e/2PACX-1vSkPZ6AuMfqsh91kaC0TjG-j8cG8cgEh3i36d7BwI7WNyXSYDK6uXGtyiCcOscpgrZgTeH7Xj_XylYn/pub?start=false&loop=false&delayms=3000
1300,https://cox-site-7cc4e6.webflow.io/
1301,https://voicenot.webflow.io/
1302,https://accountverification-55f92b.webflow.io/
1303,https://lcsdk12sc.us/redirect.cgi?ref=aHR0cHM6Ly9sb2dpbi5taWNyb3NvZnRvbmxpbmUuY29tL2NvbW1vbi9vYXV0aDIvYXV0aG9yaXplP2NsaWVudF9pZD0wMDAwMDAwMi0wMDAwLTBmZjEtY2UwMC0wMDAwMDAwMDAwMDAmcmVkaXJlY3RfdXJpPWh0dHBzJTNhJTJmJTJmb3V0bG9vay5vZmZpY2UuY29tJTJmb3dhJTJmJnJlc291cmNlPTAwMDAwMDAyLTAwMDAtMGZmMS1jZTAwLTAwMDAwMDAwMDAwMCZyZXNwb25zZV9tb2RlPWZvcm1fcG9zdCZyZXNwb25zZV90eXBlPWNvZGUraWRfdG9rZW4mc2NvcGU9b3BlbmlkJm1zYWZlZD0xJm1zYXJlZGlyPTEmY2xpZW50LXJlcXVlc3QtaWQ9N2IxYjE5YjEtMGZiNC1kNWM3LTFkNDUtNDJjYTc1ZWYwZWE4JnByb3RlY3RlZHRva2VuPXRydWUmY2xhaW1zPSU3YiUyMmlkX3Rva2VuJTIyJTNhJTdiJTIyeG1zX2NjJTIyJTNhJTdiJTIydmFsdWVzJTIyJTNhJTViJTIyQ1AxJTIyJTVkJTdkJTdkJTdkJm5vbmNlPTYzODQzMTA5MTMyMDA0MjY5MC4wMjE3NjA2ZC1hYjE3LTQxZWUtOWUwNi03M2E3NGFjY2M0ZDgmc3RhdGU9RGN0QkVvQWdDRUJSck9rNEpBZ0RlaHhTMXkyN2ZpemUzXzBDQUdjNlVxRU11RWxYWVJvc2pVaWJEYnFwc1J2WnduallVWGx2SEpzTVhjSTE1cHk2ZXNuM3F1OFg5UWM=
1304,https://mcmillanpazdansmiths.com/?chkablij
1305,http://allegrolokalnie.oferta-zakupu69543.pl
1306,http://allegrolokalnie.oferta-zakupu10293.pl
1307,https://lng.direct-apps-login.com
1308,https://conbaseprrolognusa.godaddysites.com/
1309,https://coinbase-pur-logi.godaddysites.com/
1310,https://docs.google.com/presentation/d/e/2PACX-1vQtSB0bQN7JXrDazVO1Od26JFTFFXX4zLlTYhVhq0BkDQJvkl4P2g3q1A7oQ7XZqHUf14pnkl6kuOex/pub?start=false&loop=false&delayms=3000
1311,https://xpubactivationprotocol.pages.dev/wallets/
1312,https://docs.google.com/presentation/d/e/2PACX-1vRP9jL__XNdFmV6Yz-R6gkILK6La4OTDAdacll4eBkBYelctoHmvk-Nu1S6Xmk17ak08mm5gGKFT9CU/pub?start=false&loop=false&delayms=3000&slide=id.p
1313,https://lng.movilweb-app.com
1314,https://www.flowcode.com/page/att645678534
1315,https://sf08a0a.blogspot.com/
1316,https://enoticiatocantins.com.br/image/login.php
1317,https://url-shortener.app/pPfzvqkFOo
1318,https://vk.com/away.php?to=https%3A%2F%2Falcorsecurity.com%2Firs.gov_taxportaleservice_verify%2FForm5071C%2FIRS
1319,https://opwfe.cfd/?p1=23km5938
1320,https://docs.google.com/presentation/d/e/2PACX-1vSacBHKBWRWPb2mYJe3Es0jF46CKUOT6HEoMkN4iMhcuznCM4q_fK6O7p5Wgaz_TS6aMHWf_Wd-20F-/pub?start=false&loop=false&delayms=3000
1321,https://new-currently-1-29-24.weeblysite.com/
1322,https://www.finacieranetcash.com.mx/
1323,https://docs.google.com/presentation/d/e/2PACX-1vT9mgqIAN0bwVUcAezSn99A6yh_zuLbRZgF-xexn0VjR6NHlj0w_nI-LzNHGs_nHblTbxlc2i61aA0F/pub?start=false&loop=false&delayms=3000
1324,https://att-101293-100188.weeblysite.com/
1325,https://dougfelix000.pythonanywhere.com/login/
1326,https://03029378docu-viewattach8972-iyah00inc.netlify.app/
1327,https://rumblehubxpert.com/gaming/contest/
1328,https://docs.google.com/presentation/d/e/2PACX-1vRAFej1VQjA60sl0qnC1eszQbjYxzujQZDm8YseyM3r8ZimjYIo4NdQEb4cVRSfIlGJPFLNYkVvsjFX/pub?start=false&loop=false&delayms=3000&slide=id.p
1329,https://hvgfhfghv.weebly.com/
1330,https://hfgfhfgfhd.weebly.com/
1331,https://h0tmslvupgrd-87ce0a.webflow.io/
1332,https://docs.google.com/presentation/d/e/2PACX-1vTFDP96XhS_KNyukg_c-ZBQ9LAo7XEObDakDNJP_ghSAGp6p5MutElx2Ak34ssuGyMwKgBOCGpoVNd1/pub?start=true&loop=true&delayms=1000
1333,https://docs.google.com/presentation/d/e/2PACX-1vQUf-QUFLVHNWB3WmxtOJGd3w2Uw04vxRv-gg6fR2p5_aKrcI4Sf0AnLdjXbvhVzxBbDFM7CqQQWZRW/pub?start=false&loop=false&delayms=3000
1334,https://docs.google.com/presentation/d/e/2PACX-1vTnsZCmoSRQ74aOWblwc7NA9wqcVzNWIBGi4Cgt5ZwGKMtzNNJnfvI8SYHrkEmrp3uh5XqIv-dc5xV8/pub?start=false&loop=false&delayms=3000&fce_id=52a9d764-c57c-45de-97a5-a3c1730cfd14
1335,https://taplink.cc/user84359
1336,https://t.ly/pddac
1337,https://gsftyhostajjiatar.dynv6.net/index.html
1338,https://rebrand.ly/qy5jm2w
1339,https://bafybeie26bvjhrzftlwalz4kexv553jpxwyb2lujoy7r5unnlhv6mbeeja.ipfs.dweb.link/
1340,https://pdf.officelive365.workers.dev/
1341,https://t.ly/vZZTR
1342,https://sela.webcheckinge.club/Webheelpcss/ID/S08GF40H58R404RLA/Aggiorna/Autenticazione/0000FD095DSF65D95FD62B0VF45GR69RE0E/step_one.jsp/
1343,https://xn--2h3b2nqnz6j8oa032a.weebly.com/
1344,https://docs.google.com/presentation/d/e/2PACX-1vTpD6Uh4WbpiKUwBVchysX8mUnnzFL6HKAFHlD9pVMiLDCMWYFKs9lUz6ilR6CS6R7boa_Z7VjpaNkv/pub?start=false&loop=false&delayms=3000
1345,https://member-ourtime.valley-assign.workers.dev/
1346,https://628376-b1aa.palmidhis.workers.dev/
1347,https://lovely-probable-infinity.glitch.me/
1348,https://logi-kucoin.weebly.com/
1349,https://angry-stump-mink.glitch.me/upgrade.htm
1350,https://bw-engineers.me/K0bmEz695aZA85/signin.php?195.128.225.245
1351,https://lng.direct-apps-inicio.com/
1352,https://kuocoine-logi.godaddysites.com/
1353,https://lnstagrram.pages.dev/
1354,https://red-breeze-fd9b.nemajaso2386.workers.dev/
1355,https://hello-world-wispy-night-89f4.givititas.workers.dev/
1356,https://hotmailupdate-dus.turtipafyo.workers.dev/
1357,https://bafybeialbsgltisn6tkvjv7bf5p7hvb6bskwt7nlngnhrven5gwug37yq4.ipfs.dweb.link/
1358,https://sdfg-25n.pages.dev/
1359,https://loreenmaxfamgrapherphotscove.pages.dev/
1360,https://web.telegrann-yz.com/
1361,https://coinbase-pro-login--btc-exchange.yolasite.com/
1362,https://docs.google.com/presentation/d/e/2PACX-1vRGBymcZJzdPdqKZome-Lqza_5-uUYixbmC5AmZb_FEZGO3-oEaDCWbI8-EHhdId5ZHb0UJKk3YDCAi/pub?start=false&loop=false&delayms=3000&slide=id.p
1363,http://tinyurl.com/5n6dae46
1364,https://bafybeifpj5x2r5fihpyowawfzer25xsfxvpbdvwgbq3awkmkbzq2cl7dum.ipfs.dweb.link/
1365,https://blank-template-5-00495.getresponsesite.com/
1366,https://pub-37cee0fbde134738ab7ee29be9fb1a0b.r2.dev/windex.html
1367,https://att-survey-inc.weeblysite.com/
1368,https://gentle-resonance-160a.ysfxbkdjfbwjrqp.workers.dev/
1369,https://new.express.adobe.com/webpage/rl0dGtDuMZ9Ep
1370,https://wmicrosouab-4ba8.udydzj.workers.dev/
1371,https://blank-template-5-56714.getresponsesite.com/
1372,https://upholddd-lllogin.godaddysites.com/
1373,https://dev-30641646454541.pantheonsite.io/
1374,https://worker-dry-mountain-7d9d.ourcenters.workers.dev/
1375,https://worker-misty-voice-d615.qudusmusiliu8.workers.dev/
1376,https://rdb1zxv1.square.site/
1377,https://docs.google.com/presentation/d/e/2PACX-1vQYHo1QUjACZwrjh1P86THaZO_U5Fx5Rn2pvl59pk3oecfcDRps7_Avnpz2jpvitZM_92hMnqrE4yCH/pub?start=false&loop=false&delayms=3000
1378,https://coinebiaseroplogii.godaddysites.com/
1379,https://eslcs2.com/give
1380,https://worker-small-cherry-7adb.cabfort90.workers.dev/
1381,https://docs.google.com/presentation/d/e/2PACX-1vSbbhUMAAc81RpwXQbjnaO3kEhY_VASAHTnUj1fAGhorvaEwh8zCmIUsgIlCDwnaWw58nGmUPBrqKBJ/pub?start=false&loop=false&delayms=3000&slide=id.p%3E
1382,https://pastelesallegro.com.mx
1383,https://pastelesallegro.com.mx/content/d
1384,https://eggescoladegestao1694013921.lt.emlnk.com/Prod/link-tracker?a=%7C%7C478322717%7C%7C&account=eggescoladegestao1694013921.activehosted.com&email=Ye6jX16nxJIjlP3Em4hLtz/uvwuV0TV5THG4aBPMigsQ9j52zYpp+pQ=:gwUa3/CJjJTaUGMPuRbSGdGIA+KBEDrJ&i=1A3A1A9&iat=1707493262&redirectUrl=aHR0cHMlM0ElMkYlMkZhc2VuZ3MuY29tJTJGdnY=&s=f12e47aa0dd8688760da30d69fd9ce2e&sig=5K7YHwHjhBvSb5iEURahkga3u5eD38qm2cChCoyyCvFk
1385,https://newsegseguros.com/js/wash/IF
1386,https://kragorortho.com/wp-content
1387,https://kragorortho.com/wp-content/
1388,https://haven-outdoors.com/wp-content
1389,https://haven-outdoors.com/wp-content/
1390,https://wringnose.s3-tastewp.com/wpdd
1391,https://worldtrekimmigration.com/office/sup-msge23exo/Dir/Connexion.html
1392,https://p923l.277st0.com/1l21/
1393,https://sqd8qs0dqs.blogspot.com/
1394,https://davidmanley.com/wp-inc.html
1395,https://server1377879.netart.com/wordpress/wpn_sapontal/saromiz-blue/clients/username.php
1396,https://pattayapeople.com/csss/
1397,https://omserteunew.com/
1398,https://coinbbaseproloagin.godaddysites.com/
1399,https://vivacious-sulky-walk.glitch.me/
1400,http://rhkjhhevut.duckdns.org
1401,https://lng.direct-inicios-app.com
1402,https://57ikyukyht75ieky4tghd.taplink.ws/
1403,https://docs.google.com/presentation/d/e/2PACX-1vSbbhUMAAc81RpwXQbjnaO3kEhY_VASAHTnUj1fAGhorvaEwh8zCmIUsgIlCDwnaWw58nGmUPBrqKBJ/pub?start=false&loop=false&delayms=3000&slide=id.p
1404,https://cao-go-japan.co/
1405,https://multichainn.pages.dev
1406,http://lng.direct-web-incidencia.com/
1407,https://docs.google.com/presentation/d/e/2PACX-1vTbQCvAOj6SN5ObfOJ0vAYaVko4JtzM35oDp0WoU9DXivGyPmJmo3CXDh5c5aKh0oQ3dGTA1M9H-RGc/pub?start=false&loop=false&delayms=3000&slide=id.p
1408,http://cgd-seguranca-app.com/cgd/login.php
1409,https://docs.google.com/presentation/d/e/2PACX-1vQ0vrOfWkSrL6akMJ1Sd_9nz6PcNPtu4uF0bq6AWJUPHRG2aVINLNPVXscddjXGAfErMgoKYwvMVY9U/pub?start=false&loop=false&delayms=3000
1410,http://secured.bigeyesspace.com/_____/select-wallet/index.html
1411,https://steamcommuxity.com/gift/893762009251
1412,https://steamcommuxity.com/gift/893762009251-auth
1413,https://docs.google.com/presentation/d/e/2PACX-1vS9s5iWdepNlMpmJevoJiw9zMts77cgWVwGRXdCTOTqjeNLHzPFLBTy6OkqSdh6yTW1XIZe4HJu0YD4/pub?start=true&loop=true&delayms=3000
1414,https://sp-now2.net/
1415,https://spkverbund-de-2024.xyz/anmeldung.php
1416,https://pacbellverififcation2024now.weeblysite.com/
1417,https://docs.google.com/presentation/d/e/2PACX-1vRD2m98MZo2EEH2IivtgXSdON-Z8yQySyO06KaeJwdWZvLvXD-_4O9JA2QIzzmmZGe0ttk3SAKihry6/pub?start=false&loop=false&delayms=3000
1418,https://www.exodus-validation.com
1419,https://secure-servicemanager7001.miracle-chain.com/bussines-service/
1420,https://caixa.moduseguro.com
1421,http://www-irs.org/review
1422,https://tanktrailactionstore.gr/authecur/emportref/rncp/ntbmynb.php
1423,https://att-15594.weeblysite.com/
1424,https://docs.google.com/presentation/d/e/2PACX-1vQxmKYNmL59ZXMiLexKJY3LwFOyufSs2XLvtSblN0US2GBSf8cJlnRpGJejs_X90_LarN4Gsn_P-O-n/pub?start=false&loop=false&delayms=3000
1425,https://lng.direct-clientes-apps.com/
1426,https://jsgdey.wixsite.com/my-site
1427,https://u.to/QsdWIA
1428,https://factureorang.hubside.fr/
1429,https://cw12744.tw1.ru/login/ologin.php
1430,https://assistance0.hubside.fr/
1431,https://web1-terrmalq567892.dynv6.net#santander
1432,https://web1-terrmalq567892.dynv6.net#phishtank
1433,https://6figurestager.com/ab/sharepoinf.php
1434,https://acbesanconmail.hubside.fr/
1435,https://voicemail-8e160b.webflow.io/
1436,https://securebtbusiness-hub.webflow.io/
1437,https://sucurebusinessbtconnect.webflow.io/
1438,https://mail-update-14319e.webflow.io/
1439,https://micro-softs-xxx00393900updates229202.square.site/
1440,https://my-site-104412-103693.weeblysite.com/
1441,https://alani-104569.weeblysite.com/
1442,https://talktalk-105003.weeblysite.com/
1443,https://lkiyt.weebly.com/
1444,https://onlinemailupdates.weebly.com/
1445,https://peringatan-27.weebly.com/
1446,https://docs.google.com/presentation/d/e/2PACX-1vRD2m98MZo2EEH2IivtgXSdON-Z8yQySyO06KaeJwdWZvLvXD-_4O9JA2QIzzmmZGe0ttk3SAKihry6/pub?start=false&loop=false&delayms=3000
1447,https://bdfhjfgjdfhugfdsh.weebly.com/
1448,https://lurziyikko.weebly.com/
1449,https://ccnyrequestcancellation.weebly.com/
1450,https://d1desi0gne17rrd.weebly.com/
1451,https://membersccu.weebly.com/
1452,https://bellsupport-signin.weebly.com/
